last_name, first_name,player_id,year,player_age,pa,hit,single,double,triple,home_run,k_percent,bb_percent,exit_velocity_avg,sweet_spot_percent,barrel_batted_rate,hard_hit_percent,avg_best_speed,avg_hyper_speed,whiff_percent,swing_percent,groundballs_percent,flyballs_percent,linedrives_percent,expected_ba_babip
Pujols, Albert,405395,2022,42,351,83,45,14,0,24,15.7,8,91.2,34.5,12,47.3,102.064436899,95.425491822,21.3,48.2,38,29.5,20.5,0.27547169811320754
Cabrera, Miguel,408234,2022,39,433,101,86,10,0,5,23.3,6.5,89.9,35.2,4.7,38.2,99.360961867,93.99969786,27,50.2,52.5,19.6,25.9,0.28115015974440893
Molina, Yadier,425877,2022,39,270,56,43,8,0,5,14.8,1.9,84.7,34.1,3.1,26,95.0195225,91.560423363,22,58.6,39,29.6,20.2,0.2290748898678414
Canó, Robinson,429664,2022,39,104,15,13,1,0,1,24,3.8,88.2,29.3,4,41.3,100.261988108,94.247323243,24.9,56.8,54.7,18.7,20,0.2054794520547945
Suzuki, Kurt,435559,2022,38,159,25,17,4,0,4,18.2,9.4,85.2,31,3.5,26.5,95.157941429,91.58600375,21.1,48.1,30.1,30.1,21.2,0.22123893805309736
Cruz Jr., Nelson,443558,2022,41,507,105,79,16,0,10,23.5,9.7,90.9,28,9.3,46.1,102.29838061,95.468978262,32,50.8,53,19.3,22.9,0.2680722891566265
Peralta, David,444482,2022,34,490,110,65,30,3,12,23.3,8.4,90.3,35,8.5,44.4,101.233296566,94.9223429,26.2,50.4,36.3,28.4,26.3,0.3333333333333333
Escobar, Alcides,444876,2022,35,131,27,21,4,2,0,24.4,3.8,81.8,39.1,1.1,17.4,92.492630217,90.550370549,21.3,54.3,38,20.7,30.4,0.23232323232323232
Longoria, Evan,446334,2022,36,298,65,38,13,0,14,27.9,9.1,91.1,33.3,12.4,46.8,101.592486559,95.291511667,29.4,44.4,37.1,29,24.2,0.3081081081081081
Blackmon, Charlie,453568,2022,35,577,140,96,22,6,16,18.9,5.5,86.2,36.7,4.4,30.6,97.426435333,92.732128429,21.4,51.5,44.4,23.8,25.7,0.2552204176334107
Maldonado, Martín,455117,2022,35,379,64,37,12,0,15,30.6,5.8,88.4,31.6,8.1,40.2,98.987733509,93.59831443,32.2,49.9,43.6,29.5,20.9,0.22510822510822512
Chirinos, Robinson,455139,2022,38,220,35,22,9,0,4,30.5,8.6,84.8,30.8,6.9,33.1,97.472003281,92.774084488,33.3,50.3,40.8,25.4,20.8,0.23134328358208955
Cain, Lorenzo,456715,2022,36,156,26,20,5,0,1,23.1,5.1,87.9,21.8,0,36.4,99.010785455,93.632816636,25.8,53,59.1,15.5,20,0.16071428571428573
Solano, Donovan,456781,2022,34,304,79,59,16,0,4,20.1,6.3,88.3,36.1,5.9,41.2,98.956029815,93.601690602,20.9,49.5,45.2,23.3,27.4,0.29107981220657275
McCutchen, Andrew,457705,2022,35,580,122,80,25,0,17,21.4,9.8,89.1,36.2,8.6,40,99.92693269,94.143160838,24.2,44.9,41.8,28.1,24.1,0.2699228791773779
Upton, Justin,457708,2022,34,57,6,4,1,0,1,40.4,10.5,88.5,36,4,32,99.128878333,93.64988375,37.5,45.4,32,32,20,0.28
Turner, Justin,457759,2022,37,532,130,81,36,0,13,16.7,9.4,89.5,40.6,8,40.6,99.002545648,93.736858523,20.3,48.2,32.8,33.3,27.9,0.30971128608923887
Votto, Joey,458015,2022,38,376,66,36,18,1,11,25.8,11.7,89.7,32.9,11.1,41.3,100.424827857,94.43276435,29.6,46.5,44.9,31.1,20,0.2863636363636364
Andrus, Elvis,462101,2022,33,577,133,84,32,0,17,15.9,6.8,87.9,29.1,4.5,34.8,98.336003699,93.236647643,21.4,45.6,46.5,22.1,22.8,0.23963133640552994
Santana, Carlos,467793,2022,36,506,87,50,18,0,19,17.4,14,90.7,31.6,9.3,44.9,100.993708488,94.851060233,21.3,42.6,39.1,28.4,22.6,0.2857142857142857
Belt, Brandon,474832,2022,34,298,54,36,9,1,8,27.2,12.4,88.4,38.5,12.6,38.5,99.264489048,93.872087679,32.4,47.1,29.3,37.9,22.4,0.2857142857142857
Lowrie, Jed,476704,2022,38,184,30,22,5,0,3,21.2,8.2,86.2,26.9,3.1,30.8,96.195900923,92.129717519,25.6,47.3,41.5,29.2,21.5,0.1968503937007874
Brantley Jr., Michael,488726,2022,35,277,70,50,14,1,5,10.8,11.2,89.8,39.5,6,45.1,99.739801321,94.323002844,12.7,41.5,44.2,22.8,30.7,0.3037383177570093
Castro, Jason,488771,2022,35,88,9,6,2,0,1,45.5,9.1,88.6,35.9,5.1,35.9,98.6215215,93.447724615,42.4,48,48.7,33.3,17.9,0.3076923076923077
Gurriel, Yuli,493329,2022,38,584,132,84,40,0,8,12.5,5.1,88.2,30.3,1.9,35.6,98.291200127,93.270425297,14.3,48.5,41.7,24.6,23.8,0.22483940042826553
Rojas, Miguel,500743,2022,33,507,111,84,19,2,6,12,5.1,86.1,33.1,1.9,27.1,96.249960631,92.126001845,15.5,47.9,47.1,19.6,26.8,0.22794117647058823
Escobar, Eduardo,500871,2022,33,542,119,69,26,4,20,23.8,7.4,88.3,38.7,9.4,37.6,99.290072903,93.799689784,27.7,52.4,30.9,32.8,26.9,0.3168831168831169
Adrianza, Ehire,501303,2022,32,110,17,14,3,0,0,22.7,10,84.6,30.1,1.4,21.9,94.938734722,91.55813831,22.2,44.8,50.7,17.8,20.5,0.22857142857142856
Lagares, Juan,501571,2022,33,62,11,8,2,1,0,24.2,3.2,88.4,40,2.2,40,98.693379565,93.50569,27.6,52.7,35.6,24.4,33.3,0.2553191489361702
Pham, Tommy,502054,2022,34,622,131,90,23,1,17,26.8,9,92.2,33.2,7.9,48.5,102.514437436,95.778101436,26,42,48.2,22.4,24.7,0.2743589743589744
Martinez, J.D.,502110,2022,34,596,146,86,43,1,16,24.3,8.7,89.1,42,12.5,41.7,100.92394699,94.707836352,30.1,51.9,38.2,30.8,26.7,0.309462915601023
Goldschmidt, Paul,502671,2022,34,651,178,102,41,0,35,21.7,12.1,90.8,31.8,11.6,47.4,102.244608246,95.440152299,26.8,41.7,40.8,28.8,22.9,0.3356164383561644
Gonzalez, Marwin,503556,2022,33,207,34,21,7,0,6,26.1,6.8,88,34.1,5.9,37.3,98.901115758,93.629768931,23.1,50,37.8,24.4,24.4,0.2765957446808511
León, Sandy,506702,2022,33,86,12,9,3,0,0,31.4,15.1,84.3,39.1,0,26.1,94.152679545,91.268422093,25.2,38,30.4,19.6,37,0.3469387755102041
Altuve, Jose,514888,2022,32,604,158,91,39,0,28,14.4,10.9,85.9,35.4,7.7,29.7,97.300246419,92.671072541,16.2,44.3,41,25.6,23.6,0.26773455377574373
Hernández, César,514917,2022,32,617,139,106,28,4,1,18.5,7.3,84.8,33.3,2.4,29.7,96.449267051,92.257329931,20.4,47.5,48.6,19.3,26.4,0.22666666666666666
Segura, Jean,516416,2022,32,387,98,79,9,0,10,15,6.5,87.6,28.3,4.4,38.4,99.507672313,93.804578639,18.5,48.8,56.2,15.8,20.9,0.2181208053691275
Marte, Starling,516782,2022,33,505,136,91,24,5,16,19.2,5.1,86.8,38.5,6.8,33.9,99.153544837,93.595179373,24,49.8,50.1,20.1,26,0.2906666666666667
Culberson, Charlie,518586,2022,33,124,29,21,6,0,2,25,4,85.3,28.4,1.1,27.3,95.647602143,91.889355952,30.5,59,58,17,19.3,0.20454545454545456
d'Arnaud, Travis,518595,2022,33,426,106,62,25,1,18,21.1,4.5,88.5,35,8.5,38.9,99.567378882,93.920566898,26.9,52.8,45.4,25.2,22.9,0.2733333333333333
Donaldson, Josh,518626,2022,36,546,106,63,28,0,15,27.1,9.9,90.7,34.8,9.8,43.3,100.977600417,94.867949761,33.2,47.3,43.5,25.9,24.1,0.25671641791044775
Freeman, Freddie,518692,2022,32,708,199,129,47,2,21,14.4,11.9,91.3,42.9,9.9,47.8,100.761588016,95.094269494,19.5,49.3,38.9,28.4,29.8,0.33661417322834647
Grandal, Yasmani,518735,2022,33,376,66,54,7,0,5,21,12,90,30,4.8,40,99.46926856,94.06261824,21.6,39.7,43.6,22,27.2,0.24806201550387597
Heyward, Jason,518792,2022,32,151,28,21,5,1,1,21.2,7.3,87.6,26.7,4.8,38.1,99.795272642,93.960513048,27.8,48.4,45.7,21,21,0.23809523809523808
LeMahieu, DJ,518934,2022,33,541,122,92,18,0,12,13.1,12.4,89.2,32.8,5.3,41.1,99.499628485,94.048075494,15.7,39.5,54.6,17,25.6,0.2698019801980198
Moustakas, Mike,519058,2022,33,285,54,35,12,0,7,26.3,8.4,87.6,36.1,6.1,33.9,98.852222556,93.461727111,29.2,54.3,35,25.6,23.3,0.23076923076923078
Rizzo, Anthony,519203,2022,32,548,104,50,21,1,32,18.4,10.6,89.4,34.2,10.9,41,99.618112951,94.120579288,22.8,46.1,33.3,35,21.6,0.248
Romine, Austin,519222,2022,33,136,20,14,3,0,3,33.8,2.9,87.2,22.4,4.7,33.3,98.519493659,93.285298415,33.5,53.9,55.3,21.2,14.1,0.13580246913580246
Stanton, Giancarlo,519317,2022,32,452,84,46,7,0,31,30.3,11.1,95,26.9,19.3,52.3,107.816149318,98.594697985,36.5,43.1,47,24.6,20.8,0.337037037037037
Vogt, Stephen,519390,2022,37,191,27,15,4,1,7,24.1,8.9,87,38.9,7.9,27.8,96.256857778,92.21418128,27.1,46.5,31,35.7,23.8,0.2459016393442623
Perez, Salvador,521692,2022,32,473,113,66,23,1,23,23,3.8,91.4,34.8,11.2,49,101.468749294,95.293979056,31.8,57.4,36.9,34.2,21.2,0.2745664739884393
Flores, Wilmer,527038,2022,30,602,120,72,28,1,19,17.1,9.8,87.8,35.7,6.3,35.4,97.672013814,92.963528089,18.9,45.6,34.7,31.5,24.2,0.26303317535545023
García, Avisaíl,541645,2022,31,380,80,63,9,0,8,28.7,4.5,88.7,27.6,6.4,44.8,101.460367339,95.003346734,36.7,59,56,22,19.6,0.242914979757085
Bethancourt, Christian,542194,2022,30,333,80,52,17,0,11,24,3.6,90.1,31.4,11.7,44.8,101.959454237,95.365619619,34.7,62.5,46.4,23.8,23.8,0.2875536480686695
Ozuna, Marcell,542303,2022,31,507,106,64,19,0,23,24.1,6.1,89.4,31.8,13.1,43.8,101.775141886,95.035047714,28.7,49.4,38.4,30.7,20.7,0.3168604651162791
Villar, Jonathan,542340,2022,31,220,42,31,6,2,3,26.8,6.8,89.6,24.7,2.7,40.4,100.671592429,94.551199137,34.9,51,61.6,17.8,19.2,0.1773049645390071
Ortega, Rafael,542364,2022,31,371,76,54,14,1,7,19.9,11.9,87.2,37.6,4.8,33.7,97.447746423,92.750083049,19.3,45.4,34.4,33.2,24.8,0.26666666666666666
Aguilar, Jesús,542583,2022,32,507,109,74,19,0,16,23.5,5.5,87.7,39.7,6.9,36,98.459753543,93.301003066,27,49.5,32.9,30.9,26.9,0.26704545454545453
Berti, Jon,542932,2022,32,404,86,62,17,3,4,22,10.4,88,30.7,5.9,37,98.782159778,93.452015688,24.5,44.5,53,21.5,22.2,0.2462686567164179
Crawford, Brandon,543063,2022,35,458,94,68,15,2,9,21.4,8.5,88.1,31,6.7,35.1,97.909462452,93.081156699,31.8,50.7,47.3,23.6,21.7,0.24671052631578946
Cron, C.J.,543068,2022,32,632,148,88,28,3,29,25.9,6.8,88.7,36.8,10.8,42.3,101.410198894,94.867484771,24.3,47.7,39.2,27.9,26,0.29107981220657275
Gomes, Yan,543228,2022,34,293,65,45,12,0,8,16,2.7,85.3,37.9,3.4,28.9,96.735466466,92.387642035,19.4,54.2,46.4,21.3,26.8,0.22844827586206898
Grossman, Robbie,543257,2022,32,477,86,59,19,1,7,27,11.7,86.7,38.5,3.5,30.4,96.176090559,92.129787754,23.9,40.9,31.8,32.2,27.6,0.24475524475524477
Harrison, Josh,543281,2022,34,425,99,71,19,2,7,16.7,4.9,87.4,32,3.8,32.3,96.783559748,92.431292303,21.5,54.7,43.9,28.2,21.6,0.21003134796238246
Hicks, Aaron,543305,2022,32,453,83,64,9,2,8,24.1,13.7,87.9,25.2,5.8,33.1,98.078223577,93.127214322,25.8,41.1,44.6,23.7,20.5,0.24390243902439024
Higashioka, Kyle,543309,2022,32,248,52,35,7,0,10,21,4.8,90.9,36.6,9.8,48.1,101.231678333,95.189627056,26.8,50.6,36.1,28.4,25.1,0.3005464480874317
Hosmer, Eric,543333,2022,32,419,102,75,19,0,8,15.3,8.8,88.4,29.3,5.7,39.7,101.224912803,94.690963706,18.8,49,57.1,15.1,21.5,0.24509803921568626
McCann, James,543510,2022,32,191,34,25,6,0,3,24.1,5.8,90.2,33.8,6.9,40.8,100.237659692,94.399973876,28.3,51.6,36.9,30.8,26.2,0.256
Miller, Brad,543543,2022,32,241,47,37,3,0,7,29,7.5,91.1,27.5,7.8,39.9,100.033437368,94.372039868,36.3,50.7,42.5,28.1,19.6,0.2733333333333333
Nola, Austin,543592,2022,32,397,87,68,15,0,4,15.1,8.6,89.4,35.4,2.4,39.7,98.960360608,93.682414983,14.4,42.8,42.4,24.2,27.3,0.2677966101694915
Rendon, Anthony,543685,2022,32,193,38,23,10,0,5,18.1,11.9,89.6,42.1,8.3,37.6,99.082562576,93.890380153,19.6,42.3,35.3,30.1,26.3,0.2900763358778626
Semien, Marcus,543760,2022,31,724,163,101,31,5,26,16.6,7.3,87.3,32.4,6.8,34.9,97.838624343,93.00847117,20.6,47.2,33.6,34,21.8,0.25
Springer III, George,543807,2022,32,583,137,86,22,4,25,17.2,9.3,88.7,31.8,8.4,42.3,101.320507081,94.768491799,28.2,50.9,44.3,24.4,21.8,0.2649164677804296
Strange-Gordon, Dee,543829,2022,34,59,18,16,1,1,0,13.6,0,84.4,25.5,0,17.6,92.76007,90.491009184,16.4,59.2,62.7,13.7,21.6,0.17647058823529413
Vázquez, Christian,543877,2022,31,426,109,77,23,0,9,16.2,5.2,87.9,36.1,5.1,36.4,97.833724337,92.999999849,17.2,49.2,45.2,22.6,25.9,0.28
Wong, Kolten,543939,2022,31,497,108,65,24,4,15,17.7,9.3,87,33.5,5.4,35.5,97.674374503,92.864768387,20.2,43.1,43.6,23.5,25.2,0.21511627906976744
Gregorius, Didi,544369,2022,32,232,45,31,9,4,1,15.5,5.6,84.5,33.3,2.8,22.8,94.452718539,91.340268249,24,60.5,41.7,26.7,22.8,0.2122905027932961
Garcia, Leury,544725,2022,31,315,63,52,8,0,3,20.6,2.2,87,30,4.2,35.6,97.781782479,92.939701197,24.4,56.4,53.3,21.7,20.8,0.21862348178137653
Vargas, Ildemaro,545121,2022,30,222,55,37,13,1,4,10.4,3.6,87,28.2,2.1,29.3,96.943626739,92.531312459,11.6,47.7,48.9,22.9,22.3,0.1693121693121693
Grichuk, Randal,545341,2022,30,538,131,88,21,3,19,23.6,4.5,90,27.3,6.8,43.6,101.601495926,95.066145714,24.7,50.6,50.4,26,18.1,0.22606382978723405
Marisnick, Jake,545350,2022,31,82,18,10,6,0,2,29.3,4.9,88.4,33.3,7.4,42.6,101.038234583,94.796227234,30.7,57.6,38.9,27.8,22.2,0.2857142857142857
Stassi, Max,545358,2022,31,375,60,38,12,1,9,29.9,10.1,88.6,26,9.4,39.5,98.972653514,93.67534181,34,44.1,52,25.6,14.8,0.19545454545454546
Trout, Mike,545361,2022,30,499,124,54,28,2,40,27.9,10.8,91.6,37.7,19.7,51,104.135929733,96.5588815,30.2,43.4,25,44.7,21.3,0.37373737373737376
Herrera, Odúbel,546318,2022,30,197,44,29,9,1,5,21.3,5.6,86.9,24.3,4.9,37.5,99.933778143,94.012093741,24,52.6,57.6,17.4,17.4,0.22142857142857142
Almora Jr., Albert,546991,2022,28,235,48,32,10,1,5,19.6,7.2,84,29.8,1.8,25.4,95.828660964,91.938692242,23.6,51.5,50.9,18.1,23.4,0.17647058823529413
Harper, Bryce,547180,2022,29,426,106,59,28,1,18,20.4,10.8,92.1,37.2,12.8,47.9,102.954593636,96.099964685,28.2,56.2,42.1,25.9,29.7,0.3321917808219178
Pérez, Roberto,547379,2022,33,69,14,10,2,0,2,36.2,13,89.3,42.9,11.4,51.4,101.789615556,95.453621714,36.6,39.9,48.6,28.6,22.9,0.3333333333333333
Abreu, José,547989,2022,35,679,183,128,40,0,15,16.2,9.1,92.2,34.5,9.5,51.8,102.953606518,96.20270568,23.2,47.3,47.7,24,25.1,0.326
Díaz, Elias,553869,2022,31,381,80,51,18,2,9,21.5,6.6,88.4,28.3,5.9,39.3,100.058292985,94.204058315,22.7,51.8,47.8,22.8,21,0.21691176470588236
Narváez, Omar,553882,2022,30,296,54,37,12,1,4,19.3,9.8,84.7,36.7,2.4,18.4,94.078356176,91.054216305,23.4,50,36.2,34.8,24.2,0.1951219512195122
Astudillo, Willians,553902,2022,30,55,13,12,0,0,1,5.5,1.8,83,27.5,0,21.6,95.272520769,91.848511961,17.2,66,45.1,21.6,19.6,0.2545454545454545
Suárez, Eugenio,553993,2022,30,629,128,71,24,2,31,31.2,11.6,89.8,36.4,14.8,43.5,100.691818466,94.681885812,33.1,41.8,34.1,39.2,20.7,0.2962962962962963
Urshela, Gio,570482,2022,30,551,143,100,27,3,13,17.4,7.4,88.9,38.6,7,37.6,99.120552402,93.736875907,21.4,53.1,41.7,23.8,30.1,0.2696078431372549
Schoop, Jonathan,570731,2022,30,510,97,62,23,1,11,21,3.7,87,29.1,4.8,38.6,99.967628556,93.993791257,28.2,55.5,45.2,20.6,24.3,0.2566137566137566
Arenado, Nolan,571448,2022,31,620,163,90,42,1,30,11.6,8.4,88.8,35.4,8.2,38.9,99.558566721,93.952810862,19.1,48.4,30.5,29,26.2,0.2714285714285714
Barnhart, Tucker,571466,2022,31,308,62,51,10,0,1,24,8.1,84.5,30.3,1.9,26,95.275826176,91.655968177,22.5,46.2,54.3,17.3,21.6,0.21182266009852216
Farmer, Kyle,571657,2022,31,583,134,94,25,1,14,17,5.7,85.5,37.7,4.4,33.8,97.050252093,92.534027326,19.2,50.3,45.3,23.4,25.5,0.2425629290617849
Haniger, Mitch,571745,2022,31,247,55,36,8,0,11,26.3,8.1,91.9,31.1,11.8,47.2,101.996690741,95.72188441,29.6,45.5,37.3,29.2,23,0.3525641025641026
Hernández, Enrique,571771,2022,30,402,80,50,24,0,6,17.7,8.5,87.8,33.3,5.8,35,98.797690959,93.474506164,24.6,47.7,39.8,22.1,23.5,0.24475524475524477
Lamb, Jake,571875,2022,31,111,21,11,6,1,3,34.2,9.9,91.5,35.6,11.9,44.1,100.710084667,94.859118475,31.1,43.3,37.3,33.9,22,0.3448275862068966
Maile, Luke,571912,2022,31,206,40,27,10,0,3,26.2,9.2,84.5,33.8,5.4,25.4,95.943675231,91.987641385,27.6,44.9,37.7,32.3,20.8,0.22962962962962963
Muncy, Max,571970,2022,31,565,91,47,22,1,21,25,15.9,90.3,34.3,13.4,45.6,100.488456196,94.680756043,26.1,38.6,32.5,39.5,20.1,0.2553846153846154
Myers, Wil,571976,2022,31,286,68,46,15,0,7,30.1,7.3,88.5,37.6,7.3,37.6,98.804888523,93.5431,31.2,45.3,41.6,26.4,26.4,0.26285714285714284
Naquin, Tyler,571980,2022,31,334,71,37,19,4,11,27.8,5.7,90.3,39.9,9.6,40.8,100.892608302,94.925001896,30.5,58,40.4,29.4,24.3,0.334841628959276
Owings, Chris,572008,2022,30,68,6,4,2,0,0,35.3,14.7,80.4,24.2,3,15.2,93.847479375,91.246089355,38.4,42.9,57.6,18.2,15.2,0.15151515151515152
Piscotty, Stephen,572039,2022,31,139,24,15,4,0,5,34.5,6.5,90.4,42.5,6.3,46.3,99.744957,94.282117,41.6,55.1,45,20,31.3,0.31645569620253167
Pollock, AJ,572041,2022,34,527,120,79,26,1,14,18.6,6.1,88.8,32.9,9.4,42,100.414319188,94.34853632,24.7,53.6,45.3,22,23,0.26463104325699743
Taylor, Michael A.,572191,2022,31,456,105,83,10,3,9,23.9,7.7,86.3,33.5,6.8,32.9,98.005175695,93.019305249,29.1,51.5,42.3,28.1,21,0.22468354430379747
Thompson, Trayce,572204,2022,31,255,56,28,14,1,13,36.5,12.5,92.2,45.3,16.4,46.9,103.303449063,96.133570313,37.8,43.9,31.3,32,31.3,0.40476190476190477
Voit III, Luke,572228,2022,31,568,113,69,22,0,22,31.5,9.7,89.8,34.6,14.7,44.3,101.411871585,94.98573844,37.6,52,34.9,34.9,24.8,0.3395061728395062
Walker, Christian,572233,2022,31,667,141,78,25,2,36,19.6,10.3,90,33.3,11.5,44,101.466371179,95.00141326,24.6,44.7,39.2,30.9,21.4,0.28888888888888886
Zunino, Mike,572287,2022,31,123,17,9,3,0,5,37.4,4.9,91.8,34.3,8.6,41.4,101.818613429,95.463730286,40.2,51,28.6,37.1,25.7,0.2463768115942029
Carpenter, Matt,572761,2022,36,154,39,15,9,0,15,22.7,12.3,89.8,41.1,13.7,42.1,99.672980435,94.162418352,23.7,41.4,27.4,40,25.3,0.31958762886597936
Dickerson, Corey,572816,2022,33,297,75,51,17,1,6,16.2,4,87.8,32.8,3.8,32.8,97.888667863,93.019717253,22.8,58.4,46.8,20.9,25.1,0.27074235807860264
Ruf, Darin,573131,2022,35,388,68,45,12,0,11,27.1,11.6,89.2,34.5,8.6,40.5,100.481181724,94.46914931,27.5,40.4,41.8,29.7,20.7,0.27350427350427353
Yastrzemski, Mike,573262,2022,31,558,104,54,31,2,17,25.3,10.9,89.9,36.2,11.1,42.5,99.830966069,94.251098237,22.5,42.9,34.8,31.9,23.6,0.2616279069767442
Contreras, Willson,575929,2022,30,487,101,54,23,2,22,21.1,9.2,90.4,30.2,10.5,48.6,103.238284065,96.034015696,30.9,50.6,51.1,22.9,20.3,0.268370607028754
Iglesias, Jose,578428,2022,32,467,128,95,30,0,3,12,3.6,83.8,30.6,0.5,27.7,95.592199372,91.820181257,13.2,51.9,53.4,16.8,25.4,0.19072164948453607
Bryant, Kris,592178,2022,30,181,49,32,12,0,5,14.9,9.4,85,31.9,6.7,29.6,96.85815,92.461882963,21.5,47.4,38.5,34.1,22.2,0.2826086956521739
Canha, Mark,592192,2022,33,542,123,86,24,0,13,17.9,8.9,87.7,32.2,4.9,36.6,98.317698315,93.261380654,22.1,42.9,46.1,24.7,23.3,0.22192513368983957
Casali, Curt,592200,2022,33,176,30,21,4,0,5,28.4,13.6,87.1,35,6,39,98.0141006,93.131572828,27.1,47.6,28,36,23,0.25773195876288657
Castellanos, Nick,592206,2022,30,558,138,98,27,0,13,23.3,5.2,87.5,36.9,6.6,35.1,98.393032843,93.293370431,32.2,57,42.9,28.5,22,0.2951653944020356
Drury, Brandon,592273,2022,29,568,136,75,31,2,28,22.2,6.7,89.1,34.8,10.4,42.2,100.586892132,94.438998321,21.5,45.9,40.9,28.3,24,0.2948717948717949
Gamel, Ben,592325,2022,30,423,86,55,20,2,9,23.2,11.3,88.8,38,6.2,37.6,99.298905,93.815298881,23.8,43.1,43.4,25.9,26.3,0.286231884057971
Judge, Aaron,592450,2022,30,696,177,87,28,0,62,25.1,15.9,95.9,39,26.5,61.8,107.110072714,99.053359221,29.8,42.7,37,38.3,22.3,0.40875912408759124
Machado, Manny,592518,2022,29,644,172,102,37,1,32,20.7,9.8,91.5,36.7,9.8,49,102.622706786,95.790495526,24.9,50.8,37.6,23.7,29.1,0.2906178489702517
Moran, Colin,592567,2022,29,128,23,15,3,0,5,23.4,12.5,90.4,30.5,8.5,39,99.499238293,94.098082593,27.7,49.8,50,28,20.7,0.25301204819277107
Pederson, Joc,592626,2022,30,433,104,59,19,3,23,23.1,9.7,93.2,34.2,15.1,52.1,103.347393857,96.58467276,24.4,46.1,37.3,33.8,22.9,0.3415492957746479
Realmuto, J.T.,592663,2022,31,562,139,86,26,5,22,21.2,7.3,90.3,35.6,11.3,47.2,101.252893641,95.157569177,25.7,49,44.6,25.6,24.1,0.3028720626631854
Renfroe, Hunter,592669,2022,30,522,121,68,23,1,29,23.2,7.5,90.5,32.7,10.9,43.6,101.645981292,95.173188394,27,47.8,37.4,30.2,21.5,0.28611898016997167
Rosario, Eddie,592696,2022,30,270,53,35,12,1,5,25.2,6.3,87.7,32.4,5.4,33,97.161292527,92.836894341,31.9,53.5,39.5,30.3,23.8,0.21022727272727273
Simmons, Andrelton,592743,2022,32,85,13,12,1,0,0,15.3,8.2,81.4,20,0,10.8,90.980371333,89.957394833,17.8,49,66.2,10.8,12.3,0.031746031746031744
Yelich, Christian,592885,2022,30,671,145,102,25,4,14,24.1,13.1,91.5,30.3,8.2,48.6,102.984892126,96.020852446,25,43.2,59.1,18,19.7,0.2975609756097561
Merrifield, Whit,593160,2022,33,550,126,86,28,1,11,15.5,6.9,87.1,37.9,4.2,31.1,96.383459857,92.27510481,19.4,50.9,41.2,28.8,22.2,0.20422535211267606
Bogaerts, Xander,593428,2022,29,631,171,118,38,0,15,18.7,9,88.1,30.3,6.5,39.5,99.97943964,94.08380455,24.8,45.7,46.6,21.1,25.8,0.28018223234624146
Alberto, Hanser,593643,2022,29,159,38,25,9,2,2,15.7,1.9,82.9,30.5,1.5,18.3,93.791635156,91.008477165,25.5,61.6,50.4,26,19.8,0.18604651162790697
Polanco, Jorge,593871,2022,28,445,88,56,16,0,16,21.3,14.4,89,37.7,10.2,38.7,99.924839571,94.156301183,25.6,42.4,30.6,34.9,25.4,0.32280701754385965
Sanó, Miguel,593934,2022,29,71,5,4,0,0,1,35.2,12.7,93.9,30.6,13.9,52.8,102.693380556,96.171660278,37.2,39.6,16.7,44.4,27.8,0.24324324324324326
Calhoun, Kole,594777,2022,34,424,76,49,14,1,12,32.1,6.4,90.8,40.4,9.8,48.2,100.862031797,94.921499922,36.3,53.1,38,26.3,27.1,0.3372093023255814
Duvall, Adam,594807,2022,33,315,61,32,16,1,12,32.1,6.7,88.3,36.2,12.8,41,100.566076596,94.3357175,29.2,50.5,29.3,38.8,20.7,0.31382978723404253
Gosselin, Phil,594838,2022,33,77,11,10,0,1,0,31.2,2.6,86.4,30,2,36,96.7428284,92.3714142,27.1,46.5,44,26,20,0.1
Kiermaier, Kevin,595281,2022,32,221,47,32,8,0,7,27.6,6.3,87.9,33.8,6.9,38.6,98.886186164,93.570432966,31.9,51.7,52.4,23.4,20.7,0.2916666666666667
Alfaro, Jorge,595751,2022,29,274,63,42,14,0,7,35.8,4,89.4,38.5,11.2,38.5,102.020939625,95.196380755,38,62.6,47.2,23,26.7,0.3503184713375796
Profar, Jurickson,595777,2022,29,658,140,87,36,2,15,15.7,11.1,87.5,34.7,4,34.3,97.859468559,92.98708518,18.7,43.6,44.8,22.8,25.7,0.25267665952890794
Báez, Javier,595879,2022,29,590,132,84,27,4,17,24.9,4.4,87.9,29.7,8,38,99.689131182,93.890376232,35.8,55.8,50.6,22.9,20.4,0.2536231884057971
Cave, Jake,595909,2022,29,177,35,20,7,3,5,27.7,6.2,90.7,38.5,10.3,42.7,99.526718814,94.448232906,35,50.7,36.8,39.3,22.2,0.27586206896551724
Hedges, Austin,595978,2022,29,338,48,37,4,0,7,23.1,7.4,84.2,31.9,3.1,22.3,94.912102385,91.52196977,27.1,47.6,40.6,24,23.6,0.2109704641350211
Lindor, Francisco,596019,2022,28,706,170,114,25,5,26,18.8,8.4,89.3,29.2,8.3,41.3,99.740565418,94.14308743,22.9,47.8,43.5,27.6,20.4,0.28516377649325625
Odor, Rougned,596059,2022,28,472,88,53,19,3,13,23.1,6.8,87.8,30.5,6.5,33.3,98.233676795,93.245734647,27.3,50.6,32.4,29,22.7,0.2331288343558282
Slater, Austin,596103,2022,29,325,73,49,15,2,7,27.4,12.3,89,43.2,10.5,39.5,99.908713548,94.170847514,31.2,45.2,53.7,19.5,25.3,0.3241758241758242
Story, Trevor,596115,2022,29,396,85,47,22,0,16,30.8,8.1,88.9,36,11.3,40.6,100.613635333,94.400984812,30.8,49.8,35.1,28.9,24.3,0.2916666666666667
Stubbs, Garrett,596117,2022,29,121,28,18,4,1,5,24.8,11.6,85.2,33.8,5.2,27.3,96.098752571,92.112040145,21.2,39.2,46.8,20.8,22.1,0.2261904761904762
Vogelbach, Daniel,596129,2022,29,461,92,54,19,1,18,24.7,15.8,89.4,38.1,10.6,39.9,99.817658603,94.085066691,20.4,32.2,38.1,29.7,24.9,0.30656934306569344
Sánchez, Gary,596142,2022,29,471,86,46,24,0,16,28.9,8.5,90.5,29.2,13.5,49.3,103.200555347,96.181078537,30.8,44,43.8,29.9,18.4,0.28321678321678323
Kepler, Max,596146,2022,29,446,88,60,18,1,9,14.8,11,89.1,31.9,7.1,39.9,100.09058546,94.217393221,19.9,46.1,46.6,24.5,23.3,0.2652439024390244
Quinn, Roman,596451,2022,29,87,17,12,3,2,0,41.4,8,91.3,30.2,4.7,41.9,101.843556842,95.652174595,34.6,46.7,30.2,34.9,25.6,0.3181818181818182
Franco, Maikel,596748,2022,29,388,85,61,15,0,9,19.3,3.1,87,33.1,4.7,34.4,98.818458378,93.432468176,28,53.6,44.5,21.1,24.1,0.24242424242424243
Choi, Ji Man,596847,2022,31,419,83,50,22,0,11,29.4,13.8,92.2,37.3,11.9,47.5,101.295507712,95.335577574,32.3,41.7,46.6,25,23.7,0.3274336283185841
Bradley Jr., Jackie,598265,2022,32,370,70,42,23,1,4,20.8,6.5,87.6,29.4,4.8,37.2,98.071881353,93.116593208,29.4,49.7,51.3,21.2,21.2,0.24253731343283583
La Stella, Tommy,600303,2022,33,195,43,27,14,0,2,15.4,5.6,87.9,37.3,2,32,97.045650909,92.615035294,16.7,40.7,39.2,24.8,28.1,0.1986754966887417
Candelario, Jeimer,600869,2022,28,467,93,59,19,2,13,23.3,6,87.2,37,8.3,34.6,98.352499379,93.27808162,25.4,52.6,42.6,24.1,24.4,0.2744479495268139
Daza, Yonathan,602074,2022,28,408,112,87,21,2,2,14.2,6.4,84.8,34.1,1.9,25,95.180250189,91.627182587,18.7,50.5,55.6,17.8,24.4,0.2670807453416149
Urías, Ramón,602104,2022,28,445,100,66,17,1,16,22,6.7,89.4,32.1,9.6,46.5,100.690244675,94.67897342,27.4,49.8,47.8,24.4,20.5,0.2744479495268139
Ahmed, Nick,605113,2022,32,54,12,7,2,0,3,27.8,3.7,86.9,32.4,5.4,32.4,96.865202778,92.508848611,24.1,51.2,56.8,27,13.5,0.16666666666666666
Anderson, Brian,605119,2022,29,383,75,50,16,1,8,26.4,9.7,88.7,31.1,9.7,42,100.372461008,94.372032152,30.3,50.7,51.3,22.3,21.4,0.28448275862068967
Barnes, Austin,605131,2022,32,212,38,24,6,0,8,17.5,12.7,87.4,31,4.8,35.2,98.048094085,93.029970704,17.6,42.1,43.4,29,20,0.18309859154929578
Bell, Josh,605137,2022,29,647,147,98,29,3,17,15.8,12.5,88.9,30.7,7.2,40.8,100.551357456,94.511584791,21.7,45.3,50.7,19.7,24.1,0.27213822894168466
Betts, Mookie,605141,2022,29,639,154,76,40,3,35,16.3,8.6,90.5,36.2,9.7,44.9,99.954466043,94.497072751,16.5,44.2,33.7,35.6,23.1,0.2645161290322581
Caratini, Victor,605170,2022,28,314,54,33,12,0,9,21.3,9.9,89.4,30,6.3,43.5,100.649286408,94.496842039,20.9,42.3,50.2,19.8,25.1,0.23618090452261306
Davis, J.D.,605204,2022,29,365,79,50,16,1,12,33.4,10.7,92.4,34.8,16.2,56.1,103.966730202,96.76614,37.4,51.3,46,22.7,25.3,0.36180904522613067
Garcia, Aramis,605244,2022,29,115,23,20,2,0,1,29.6,2.6,87.5,35.5,2.6,36.8,98.567163784,93.291404595,30.8,52.1,36.8,22.4,28.9,0.2777777777777778
Machín, Vimael,605353,2022,28,253,49,36,12,0,1,18.6,9.9,89.3,36.3,3.9,39.1,98.588009667,93.53259419,17.9,44.7,44.7,27.4,25.7,0.25
Pérez, Michael,605421,2022,29,132,18,12,0,0,6,24.2,7.6,88.8,35.6,7.8,36.7,98.192780667,93.304814719,28.4,44.3,35.6,33.3,21.1,0.25274725274725274
Zimmer, Bradley,605548,2022,29,117,13,6,5,0,2,38.5,4.3,87,21.3,11.5,34.4,99.040262143,93.699233818,37.4,51.7,54.1,27.9,13.1,0.15873015873015872
Castro, Harold,605612,2022,28,443,114,84,21,2,7,17.8,3.8,87,41.6,6.1,33.3,97.109259586,92.622759201,19.8,53.7,44.2,25.7,27.5,0.2966101694915254
Arcia, Orlando,606115,2022,27,234,51,33,9,0,9,21.8,9,90.7,30,7.5,42.5,100.210780633,94.636873734,27.3,44.7,47.5,28.1,18.8,0.2751677852348993
Tapia, Raimel,606132,2022,28,433,109,79,20,3,7,18.7,3.7,87.6,27.5,5.1,38,99.701438303,93.926071212,21.5,55.4,54.2,18,24.3,0.25766871165644173
Aquino, Aristides,606157,2022,28,276,51,28,13,0,10,36.6,6.2,85.6,27.2,8.2,34.6,99.168037143,93.584018571,37.9,56.6,39.9,27.2,17.1,0.24358974358974358
Hernández, Teoscar,606192,2022,29,535,133,72,35,1,25,28.4,6.4,92.6,36.3,15,53.3,103.420419483,96.496717867,35.1,48.8,44.4,25.6,24.8,0.33714285714285713
Mercedes, Yermín,606213,2022,29,83,17,11,5,0,1,20.5,10.8,87.5,42.9,7.1,28.6,97.540917857,92.781276429,22.7,49.9,26.8,33.9,25,0.3392857142857143
Marte, Ketel,606466,2022,28,558,118,62,42,2,12,18.1,9.9,90.1,31.6,6.1,41.9,101.202754619,94.845027056,20.7,46.1,43.2,25.3,24.5,0.2544987146529563
Haase, Eric,606992,2022,29,351,82,50,17,1,14,27.6,6.8,87.7,32.3,8.7,42.4,100.507001491,94.311526476,32.8,51.4,39.7,24.5,25.8,0.2948717948717949
Hager, Jake,606993,2022,29,59,12,10,2,0,0,28.8,13.6,80.8,32.4,5.9,17.6,94.036659333,91.089237667,29.5,46.9,50,29.4,11.8,0.15151515151515152
Nimmo, Brandon,607043,2022,29,673,159,106,30,7,16,17.2,10.5,89.4,28.1,7,39.8,100.251301732,94.354698482,19.6,43.8,51.7,20.6,21.7,0.24385245901639344
Peterson, Jace,607054,2022,32,328,68,44,14,2,8,25.9,10.1,88.6,33.7,7.2,36.1,98.360158137,93.264631576,26.7,40.9,46.6,26,24.5,0.2549019607843137
Turner, Trea,607208,2022,29,708,194,130,39,4,21,18.5,6.4,88.9,35.3,7.6,41.6,100.188198893,94.238854962,26.3,51.2,43.5,26.2,24.7,0.2591170825335892
Stallings, Jacob,607732,2022,32,384,77,61,12,0,4,21.6,7.6,86.7,33.5,3.4,32.3,96.725527727,92.385356023,22.7,43.7,42.9,27.4,21.4,0.2537313432835821
Ramírez, José,608070,2022,29,685,168,90,44,5,29,12,10.1,87.7,33.7,6.6,36.9,98.871944811,93.503434175,15.1,46.3,32.6,28.6,24.6,0.2313167259786477
Bregman, Alex,608324,2022,28,656,142,81,38,0,23,11.7,13.3,88.9,36.2,7.3,37.8,98.378645333,93.364139021,14.9,40.3,33.5,32.6,24.5,0.27672955974842767
Gallo, Joey,608336,2022,28,410,56,27,8,2,19,39.8,13.7,89.6,29.3,17.6,50.5,103.219150538,95.983145645,40.6,47.4,28.2,39.4,20.2,0.30569948186528495
Kelly, Carson,608348,2022,27,354,67,42,18,0,7,20.1,8.2,87.7,33.2,5.2,36.8,98.3885,93.265690161,21.1,43.6,40.8,28.4,22.8,0.2530612244897959
Seager, Corey,608369,2022,28,663,145,87,24,1,33,15.5,8.7,91.1,38.4,10.5,45.5,101.598305628,95.219542252,26.5,54.5,40.2,30.3,25.9,0.31313131313131315
Winker, Jesse,608385,2022,28,547,100,71,15,0,14,18.8,15.4,87.7,32,7.6,34.3,98.674499266,93.339254492,19.9,43.3,38.8,28.9,22.5,0.29775280898876405
Mazara, Nomar,608577,2022,27,171,42,32,8,0,2,23.4,5.8,86.1,35.3,4.2,32.8,97.016111333,92.550589748,26.8,46.5,36.1,29.4,26.9,0.2857142857142857
Jankowski, Travis,608671,2022,31,64,9,9,0,0,0,15.6,12.5,80.5,22.2,0,22.2,92.702330952,90.908144524,9.9,39.1,73.3,6.7,11.1,0.08695652173913043
Mayfield, Jack,608686,2022,31,74,13,10,1,1,1,23,4.1,84.5,24.5,1.9,24.5,93.707298519,91.084710943,24.4,48.2,45.3,30.2,17,0.22641509433962265
Plawecki, Kevin,608700,2022,31,186,37,28,8,0,1,17.2,7.5,89.3,28.3,0,37.7,99.158922794,93.839090221,19.9,46.7,47.8,21,25.4,0.23703703703703705
Refsnyder, Rob,608701,2022,31,177,47,30,11,0,6,26,8.5,89.9,49.1,10.9,44.5,100.556991091,94.660920727,24.8,42.5,37.3,24.5,34.5,0.3577981651376147
Reynolds, Matt,608703,2022,31,272,60,46,10,1,3,28.7,9.6,90.2,36.5,3,42.4,99.450327831,94.04816097,29.2,41.5,51.5,20.4,26.3,0.2619047619047619
Meneses, Joey,608841,2022,30,240,72,45,14,0,13,21.7,6.3,91.4,39,9.9,47.1,101.552249535,95.227615673,23.3,48.4,47.7,23.8,25.6,0.3063583815028902
Mondesi, Adalberto,609275,2022,26,54,7,7,0,0,0,37,7.4,88,16.7,3.3,26.7,97.560296923,92.799797692,43.1,50.7,56.7,23.3,10,0.16666666666666666
Andujar, Miguel,609280,2022,27,140,31,24,5,1,1,19.3,3.6,84.4,34.3,3.7,31.5,97.706368148,92.953611028,23.4,51.9,40.7,19.4,28.7,0.26851851851851855
Vosler, Jason,613564,2022,28,111,26,15,6,1,4,26.1,9,84.7,41.4,4.3,25.7,96.156387143,92.284307101,25.9,47,37.1,22.9,30,0.29577464788732394
Cordero, Franchy,614173,2022,27,275,53,27,17,1,8,33.5,10.2,89.7,39,12.3,45.5,103.480728533,95.902442667,37.1,48.9,39.6,27.9,26.6,0.31788079470198677
Reyes, Franmil,614177,2022,26,473,97,64,17,2,14,33.2,6.3,92,27.8,11.3,45.8,102.075082606,95.415814488,37.1,47.8,47.9,22.9,22.2,0.27666666666666667
Torrens, Luis,620443,2022,26,166,34,29,2,0,3,30.1,7.2,90.3,34,4.9,46.6,99.276666863,94.392982059,26.7,47,46.6,17.5,30.1,0.38
Swanson, Dansby,621020,2022,28,696,177,119,32,1,25,26.1,7,90.2,37,10.8,46.3,100.839209567,94.810341952,30.7,49.4,38.3,29.4,26.8,0.3443708609271523
Newman, Kevin,621028,2022,28,309,79,57,18,2,2,15.5,5.2,85.8,31.7,1.6,27.2,96.298301429,92.167220464,15.6,48.1,44,18.9,28,0.2711864406779661
Taylor, Chris,621035,2022,31,454,89,51,25,3,10,35.2,9.7,87.4,40.8,10.2,38,98.711167025,93.447132946,39.9,49.9,32.2,32.7,28.6,0.2880658436213992
Correa, Carlos,621043,2022,27,590,152,105,24,1,22,20.5,10.3,89.9,35.3,11.4,44.7,101.992873251,95.284200765,22,44.4,42,25.9,25.7,0.3167082294264339
Phillips, Brett,621433,2022,28,225,29,18,6,0,5,41.8,7.1,88.5,32.1,4.5,29.5,97.432571887,92.851488396,38.2,44.5,33.9,30.4,23.2,0.21428571428571427
Taylor, Tyrone,621438,2022,28,405,87,46,21,3,17,25.2,5.4,88,34.7,9.9,37.6,99.154219632,93.742033346,26.5,50.9,38.3,33.2,21.5,0.2798507462686567
Buxton, Byron,621439,2022,28,382,76,32,13,3,28,30.4,8.9,92.9,34.2,16.4,50.2,103.777473894,96.593327289,34.1,46.8,30.7,36,21.3,0.3466666666666667
Bolt, Skye,621450,2022,28,116,21,15,2,0,4,25.9,6,89.2,29.9,5.2,35.1,98.380471053,93.373823467,28.5,47.2,48.1,24.7,22.1,0.17105263157894737
Duggar, Steven,621453,2022,28,80,11,7,3,1,0,51.2,8.8,92.9,34.4,6.3,46.9,101.723999375,95.580566563,42.2,44.8,40.6,34.4,21.9,0.2727272727272727
Rios, Edwin,621458,2022,28,92,21,13,1,0,7,39.1,5.4,88.5,46,14,40,99.4546952,93.782557,34.9,50.4,38,34,28,0.34
Ward, Taylor,621493,2022,28,564,139,92,22,2,23,21.3,10.6,90,41.8,12.4,42.9,100.184571947,94.439550026,22.2,41.4,35.5,31.3,27.1,0.35656836461126007
Nido, Tomás,621512,2022,28,313,68,50,15,0,3,24.3,4.5,86.3,40.1,6.3,33.3,97.78503301,92.921847902,34.4,60.5,53.2,19.4,24.8,0.2907488986784141
Bemboom, Anthony,621532,2022,32,59,6,3,2,0,1,28.8,10.2,90.1,30.6,5.6,36.1,99.029268824,94.197804545,24.3,43.9,55.6,22.2,13.9,0.16216216216216217
Wisdom, Patrick,621550,2022,30,534,97,44,28,0,25,34.3,9.9,90.7,29.8,14.2,46.3,102.164032394,95.695873993,36.4,48.1,34.9,31.8,20.4,0.29328621908127206
Wendle, Joey,621563,2022,32,371,90,62,24,1,3,13.5,4,87.5,27.9,1.7,36.2,98.002213624,93.083673569,16.7,53.2,55.1,19.3,23.3,0.2135593220338983
Olson, Matt,621566,2022,28,699,148,70,44,0,34,24.3,10.7,92.9,33.8,13.6,50.9,103.665099911,96.545680491,28.9,49.5,39.6,28.4,22,0.32954545454545453
Duffy, Matt,622110,2022,31,247,57,47,8,0,2,20.2,6.9,87.1,38.8,2.8,25.8,96.07908618,92.086828814,21.8,45.7,46.1,25.8,25.3,0.22857142857142856
Muñoz, Yairo,622168,2022,27,60,12,7,2,0,3,16.7,5,85,14.9,4.3,36.2,97.975921667,93.119471277,25.2,59.1,66,17,12.8,0.1956521739130435
Walton, Donovan,622268,2022,28,78,12,3,8,0,1,20.5,1.3,86.1,33.3,5,31.7,96.609348667,92.307646667,17.2,52.7,48.3,26.7,20,0.15
Margot, Manuel,622534,2022,27,363,92,68,18,2,4,18.7,6.6,89.5,30.9,3.7,37.9,99.958428538,94.191039654,24.7,52.7,46.1,17.5,26.8,0.2595419847328244
Camargo, Johan,622666,2022,28,166,36,30,3,0,3,22.3,7.8,86.4,37.1,2.6,27.6,96.285072982,92.157890439,24.9,48.7,43.1,22.4,26.7,0.21052631578947367
Reyes, Victor,622682,2022,27,336,80,55,19,3,3,22.9,3.9,87.9,35.5,5,36.8,98.899174333,93.571189707,27.1,56,45.5,19.4,28.5,0.2967479674796748
Mateo, Jorge,622761,2022,27,533,109,64,25,7,13,27.6,5.1,86.8,35.5,6,32.7,98.63578407,93.337279593,30.9,53.9,38.6,25.9,26.7,0.2535612535612536
Heineman, Tyler,623168,2022,31,174,34,26,8,0,0,9.8,4.6,82.7,34,0,13.2,92.651305672,90.496265038,15.3,55.3,39.6,25.7,22.2,0.2054794520547945
Velazquez, Andrew,623205,2022,27,349,63,46,8,0,9,34.1,4.3,88,33,6.6,34,98.780373093,93.494339433,34,53.9,50.9,24.5,20.3,0.2558139534883721
Bote, David,623520,2022,29,127,30,18,8,0,4,35.4,4.7,92.4,34.7,6.9,55.6,102.8376175,96.457184366,33.5,44.7,48.6,11.1,30.6,0.3424657534246575
Ramírez, Harold,623912,2022,27,435,121,91,24,0,6,16.6,4.4,88.5,32.2,4.8,41.2,101.050881737,94.664812126,25.5,56.4,51.9,16.4,26.3,0.2621951219512195
Santander, Anthony,623993,2022,27,647,138,81,24,0,33,18.9,8.5,90.1,33.5,11.6,43.3,101.330998114,94.979132939,21.5,47.7,32.2,28.7,23.4,0.2950108459869848
Alonso, Pete,624413,2022,27,685,162,95,27,0,40,18.7,9.8,89.8,34.5,12.3,44.8,102.849215397,95.616516548,24.2,49.9,36.4,30.5,23,0.291497975708502
Arroyo, Christian,624414,2022,27,300,80,57,16,1,6,16.3,4.3,88.9,34.9,6.4,42.1,100.637264188,94.490642232,20.5,57.5,47.2,19.1,27.7,0.31877729257641924
Biggio, Cavan,624415,2022,27,303,52,27,18,1,6,28.1,12.5,88.3,36.2,6.9,32.8,97.288596395,92.82033538,25.9,40.3,35.6,37.4,19.5,0.23255813953488372
Frazier, Adam,624428,2022,30,602,129,100,22,4,3,12.1,7.6,85.1,37.7,1.5,24.5,95.048135872,91.524067936,14.4,48.7,41.8,23.8,27.8,0.25263157894736843
Trevino, Jose,624431,2022,29,353,83,59,12,1,11,17.6,4.2,87.9,31,5.1,35,98.396823259,93.244987844,21.1,50,40.9,27.7,23.4,0.22939068100358423
Gordon, Nick,624503,2022,26,443,110,69,28,4,9,23.7,4.3,90.6,36.6,9.4,44.7,99.949105229,94.408223268,27.8,59.4,42.1,29.8,25.6,0.2913907284768212
McGuire, Reese,624512,2022,27,274,67,49,14,1,3,20.4,4.4,87,33.2,2.5,29.7,96.374747396,92.217287539,20.8,51.7,42.1,20.3,28.2,0.22705314009661837
Soler, Jorge,624585,2022,30,306,56,30,13,0,13,29.4,10.1,91.2,33.1,12.2,43.6,103.631341,96.127923222,31.5,46,43.1,27.6,21,0.3277777777777778
Sosa, Edmundo,624641,2022,26,190,40,23,11,4,2,26.3,2.6,86.8,34.4,5.5,29.7,97.432853438,92.759540157,31.4,57.1,46.9,20.3,26.6,0.23703703703703705
Heredia, Guillermo,628338,2022,31,82,12,5,3,1,3,39,7.3,86,38.6,11.4,31.8,97.683478636,92.851456136,35.8,54.8,36.4,29.5,20.5,0.15
Hernandez, Yadiel,628450,2022,34,327,82,57,16,0,9,22.6,5.8,88.8,35.6,8.6,42.1,98.936412348,93.716495522,29.5,51.5,50.6,23.2,25.3,0.29130434782608694
Ibáñez, Andy,628451,2022,29,128,26,21,4,0,1,16.4,7,88.3,29.6,6.1,39.8,98.365345102,93.325839694,19.4,46.7,43.9,29.6,12.2,0.17647058823529413
Cronenworth, Jake,630105,2022,28,684,140,89,30,4,17,19.2,10.2,87.6,32.3,5.6,34.1,97.917362826,93.091918039,18,41.8,36.2,34.1,21.1,0.22391304347826088
Meadows, Austin,640457,2022,27,147,32,24,6,2,0,11.6,10.9,87.8,34.2,6.3,39.6,99.928750727,94.100384273,13.2,41,37.8,24.3,27,0.33043478260869563
Mercado, Óscar,640458,2022,27,128,25,14,6,1,4,22.7,3.9,86.3,33.3,6.5,29,96.400118085,92.245220968,26.6,56.7,32.3,35.5,18.3,0.19607843137254902
Pinder, Chad,640461,2022,30,379,85,55,18,0,12,31.1,3.7,87.5,33.3,6.5,40.7,100.06829876,94.061727355,34.5,52.9,50,20.7,22.8,0.3080168776371308
Azocar, José,640492,2022,26,216,52,40,9,3,0,20.4,5.6,88.3,31.3,2.5,30.6,97.407050789,92.782399276,24.1,55.7,51.2,24.4,21.3,0.20253164556962025
Anderson, Tim,641313,2022,29,351,100,81,13,0,6,15.7,4,88.2,37.5,5.8,41.2,98.957560507,93.5528044,23.2,57.9,55.2,17,27.4,0.2978723404255319
Bellinger, Cody,641355,2022,26,550,106,57,27,3,19,27.3,6.9,89.4,34.4,8.3,38.1,98.149983833,93.243694234,27.2,49.9,35.6,32.8,22.2,0.2689075630252101
Calhoun, Willie,641432,2022,27,62,7,3,3,0,1,12.9,14.5,89.4,22.7,2.3,38.6,99.757001364,94.052842093,14,36.9,36.4,29.5,20.5,0.18604651162790697
Collins, Zack,641470,2022,27,108,15,7,4,0,4,38,8.3,91,35.1,8.8,40.4,99.471708621,94.050769123,36.5,41.3,28.1,40.4,24.6,0.30357142857142855
Crawford, J.P.,641487,2022,27,603,126,93,24,3,6,13.3,11.3,85.1,32.4,2,29.7,96.663647706,92.35483867,14.3,41.3,46.5,18.2,27.2,0.2528473804100228
Davis, Jonathan,641505,2022,30,91,17,16,1,0,0,28.6,15.4,84.6,33.3,0,21.6,95.4263956,91.7385968,25,41.5,56.9,13.7,27.5,0.27450980392156865
Delay, Jason,641511,2022,27,167,33,26,6,0,1,29.9,5.4,84.9,31.1,1.9,28.3,95.000275094,91.571062286,31.2,54.5,41.5,22.6,26.4,0.25
Demeritte, Travis,641513,2022,27,96,19,14,2,0,3,33.3,6.3,88.8,34.5,6.9,37.9,100.223234828,94.186779655,38.2,43.3,50,22.4,22.4,0.2982456140350877
Dozier, Hunter,641531,2022,30,500,109,67,26,4,12,25,6.8,88.5,33.1,7.7,38.5,99.977574226,94.108179224,29.2,50.6,42.9,24,25.1,0.2743362831858407
Engel, Adam,641553,2022,30,260,55,39,13,1,2,29.2,4.2,87.9,30.8,1.8,33.1,98.589188571,93.376579521,33.6,47.4,38.5,23.7,27.8,0.25443786982248523
Fraley, Jake,641584,2022,27,247,56,35,9,0,12,21.9,10.5,85.1,33.5,7.3,27.6,96.829050864,92.417868519,24.1,45.9,43.3,28,23.2,0.2795031055900621
Garver, Mitch,641598,2022,31,215,39,22,7,0,10,24.7,10.7,88.9,37.2,8.8,38.7,99.517286232,93.963293942,25.3,42.3,34.3,38,21.2,0.2302158273381295
Guillorme, Luis,641645,2022,27,335,81,66,12,1,2,13.7,10.1,86.2,35.6,2.4,24.9,95.53920878,91.784068496,13.3,40.6,56.9,14.6,27.3,0.20233463035019456
Hampson, Garrett,641658,2022,27,226,42,30,7,3,2,27.9,9.3,86.5,29.8,4.3,27.7,96.783443077,92.495778992,25.4,44.4,52.5,19.9,22,0.19718309859154928
Heim, Jonah,641680,2022,27,450,92,55,20,1,16,19.3,9.1,89.3,29.6,6.9,39.9,99.379567107,93.916796887,21.4,50.8,38.9,30.8,20.9,0.22629969418960244
Hermosillo, Michael,641684,2022,27,73,7,5,2,0,0,37,9.6,86.6,37.1,8.6,31.4,97.961854118,92.983560882,44,50.7,37.1,22.9,28.6,0.23529411764705882
Leblanc, Charles,641779,2022,26,169,41,27,10,0,4,31.4,7.1,87.3,36.9,8.7,32,98.569849412,93.395520588,25.5,44.3,37.9,28.2,25.2,0.29896907216494845
Lewis, Kyle,641786,2022,26,62,8,5,0,0,3,30.6,8.1,89.9,24.3,10.8,32.4,99.820208889,93.910104444,39.2,47.5,45.9,21.6,18.9,0.3055555555555556
Mancini III, Trey,641820,2022,30,587,124,82,23,1,18,23,9,89.5,39.6,9.8,40.4,100.078586134,94.256654381,27.4,48.1,40.6,27.8,25.4,0.29411764705882354
McKinney, Billy,641856,2022,27,57,5,3,1,0,1,28.1,7,83.8,29.7,5.4,21.6,94.801226111,91.441268889,27.8,42.2,40.5,35.1,18.9,0.13513513513513514
McMahon, Ryan,641857,2022,27,597,130,84,23,3,20,26.5,10.1,91.7,36.4,10.4,46.5,102.094383676,95.689199432,28.2,45.2,44.7,27.5,26.2,0.3148148148148148
Neuse, Sheldon,641914,2022,27,293,58,48,4,2,4,27.3,6.8,89.1,23,3.1,38.2,98.983222447,93.674738289,27.2,50.7,62.8,15.2,20.4,0.24598930481283424
O'Neill, Tyler,641933,2022,27,383,76,50,11,1,14,26.9,9.9,89.8,36.6,11.3,43.3,101.028153782,94.805530169,30.9,46.3,42.4,25.2,25.2,0.30165289256198347
Robinson, Chuckie,642020,2022,27,60,8,4,2,0,2,28.3,0,86.2,23.3,9.3,30.2,97.52340381,92.76556,25.4,59.5,67.4,16.3,14,0.22916666666666666
Smith, Dominic,642086,2022,27,152,26,15,10,1,0,24.3,7.9,89.6,28.3,7.1,46.5,99.660695,94.216232222,26,45.4,47.5,28.3,20.2,0.21153846153846154
Tellez, Rowdy,642133,2022,27,599,116,58,23,0,35,20.2,10.4,91.1,31.4,12.9,46,102.553838927,95.690567213,23.8,43.5,39.7,29.9,20.4,0.31265508684863524
Thaiss, Matt,642136,2022,27,81,15,12,1,0,2,29.6,13.6,88.5,21.7,6.5,37,98.469698696,93.243073043,34.2,46.9,56.5,19.6,13,0.2391304347826087
VanMeter, Josh,642165,2022,27,192,32,22,5,2,3,23.4,9.9,88.1,37.5,4.7,33.6,97.489094531,92.863354961,20.1,36.4,39.1,32,25,0.2677165354330709
Wade, Tyler,642180,2022,27,163,32,26,5,0,1,20.2,6.1,83.9,37,1.7,16,93.738133673,91.012158454,18.9,47.1,49.6,20.2,24.4,0.17094017094017094
White, Eli,642201,2022,28,117,21,16,2,0,3,35,9.4,86.4,30.8,4.6,29.2,97.840377143,92.922132679,39.6,46.6,41.5,29.2,18.5,0.2112676056338028
Mejía, Francisco,642336,2022,26,299,70,42,22,0,6,21.7,2.3,86.8,39.1,2.7,28,96.324122655,92.181366356,23.4,61.2,36.9,26.2,28.9,0.2747747747747748
Siri, Jose,642350,2022,26,325,64,42,13,2,7,33.2,6.2,87.2,35.1,6.2,33,99.295575789,93.653804368,35.9,51.7,43.3,25.8,19.6,0.27835051546391754
Sierra, Magneuris,642423,2022,26,96,15,11,1,3,0,26,4.2,82.2,22.4,0,16.4,94.478225,91.413321017,24.2,54.9,53.7,11.9,23.9,0.16923076923076924
Barrera, Luis,642456,2022,26,85,18,12,5,0,1,20,7.1,87.1,32.8,3.3,32.8,96.470882,92.307228136,19.6,48.4,54.1,21.3,21.3,0.15254237288135594
Rosario, Amed,642708,2022,26,670,180,134,26,9,11,16.6,3.7,88.4,31.1,4.5,38.3,99.690201132,93.991990529,21,53.1,52.5,16.8,25.7,0.25493716337522443
Adames, Willy,642715,2022,26,617,134,72,31,0,31,26.9,7.9,88.9,36.4,13,43.6,100.099002736,94.300793591,28.2,49.6,34.2,33.4,22.7,0.3241206030150754
Alcántara, Sergio,642727,2022,25,224,45,30,8,1,6,25.4,5.4,86.6,32.5,1.9,32.5,95.873264737,91.967081987,23.8,42.8,45.5,30.5,20.8,0.22077922077922077
Estrada, Thairo,642731,2022,26,541,127,89,22,2,14,16.5,6.1,86.2,31.6,4.4,31.1,97.092146345,92.54814231,19.7,49.2,51.4,20.5,21,0.21890547263681592
Wynns, Austin,642851,2022,31,177,42,32,7,0,3,21.5,5.6,84.1,31.7,4,27,96.162621587,92.1438544,22.9,43.5,46.8,23,23.8,0.256
Benintendi, Andrew,643217,2022,27,521,140,109,23,3,5,14.8,10,89.2,39.2,5.1,38.7,98.21078057,93.391636347,20.7,48.2,43.8,26.7,25.9,0.2697201017811705
Cooper, Garrett,643265,2022,31,469,108,64,33,2,9,25.4,8.5,89.6,39,10.7,43.7,101.295185,94.99247689,25.1,45.2,45.3,25,28.7,0.3559322033898305
Dubón, Mauricio,643289,2022,27,265,52,38,9,0,5,11.3,4.9,84.7,28.1,2.3,29.9,96.436572294,92.243366359,15.2,55.6,39.4,31.7,20.4,0.20930232558139536
Jansen, Danny,643376,2022,27,248,56,31,10,0,15,17.7,10.1,90.4,34.7,13.1,46.6,101.172294886,95.039463314,21.8,45.3,33.5,32.4,18.8,0.2988505747126437
Kemp, Tony,643393,2022,30,558,117,84,24,2,7,12.4,8.1,84.4,33.9,1.6,14.9,93.050155144,90.545713639,13.1,48.9,43.3,24.3,22.9,0.18352941176470589
Kiner-Falefa, Isiah,643396,2022,27,531,126,102,20,0,4,13.6,6.6,86.2,29.6,1.2,30.1,96.614692718,92.355143236,11.2,44.7,55.8,14.8,23.6,0.20794392523364486
McNeil, Jeff,643446,2022,30,589,174,125,39,1,9,10.4,6.8,86.9,39,2.7,30.2,96.275278692,92.172015654,15.9,53.8,41.3,22.9,30,0.23856858846918488
Schwindel, Frank,643524,2022,30,292,62,43,11,0,8,19.9,6.5,88.1,31.6,4.7,35.5,98.512789626,93.354396573,26.5,54.7,47.4,21.9,23.3,0.22972972972972974
Chang, Yu,644374,2022,26,190,35,25,6,0,4,31.1,8.4,88.8,35.1,9,36.9,99.67517875,93.930700901,29.3,47.5,41.4,28.8,25.2,0.24770642201834864
Albies, Ozzie,645277,2022,25,269,61,37,16,0,8,17.5,5.9,87.1,34.8,5.4,26.5,96.497792157,92.315202794,22.9,58.2,38.7,31.9,21.1,0.2315270935960591
Robles, Victor,645302,2022,25,407,82,64,10,2,6,25.6,4.2,84.6,29.2,3.2,23.8,96.221152581,92.171514939,27.2,53.8,45.8,19.9,23.1,0.20422535211267606
Herrera, Jose,645444,2022,25,124,21,19,2,0,0,27.4,7.3,84.7,23.5,0,11.1,92.613748158,90.421960667,23.5,42.1,65.4,11.1,17.3,0.08641975308641975
Ford, Mike,645801,2022,29,149,27,19,5,0,3,26.8,11.4,88.7,37.4,3.3,33,99.098360652,93.698905055,21.9,35.2,33,28.6,28.6,0.2777777777777778
Devers, Rafael,646240,2022,25,614,164,94,42,1,27,18.6,8.1,93.1,33.1,11.5,50.9,103.784239231,96.704402472,28.1,54.6,42.3,23.9,26.4,0.32339449541284404
Naylor, Josh,647304,2022,25,498,115,67,28,0,20,16.1,7.6,89.4,28.9,8.6,42.8,101.054916237,94.744173602,19.5,51,49.5,22.5,20.9,0.27586206896551724
Toro, Abraham,647351,2022,25,352,60,36,13,1,10,18.5,6.3,87,31.2,6.8,29.7,97.172547348,92.624451255,21.6,47.3,38.8,35,18.3,0.21484375
Díaz, Aledmys,649557,2022,31,327,74,49,13,0,12,16.2,5.5,86.6,30.3,6.3,36.8,99.127629206,93.589932143,22.7,52.4,39.8,24.4,28.3,0.26506024096385544
Urías, Luis,649966,2022,25,472,97,63,17,1,16,21,10.6,87.3,34.3,8.3,35.3,97.964867677,93.080449903,22.2,43.2,36.5,34,21.8,0.2819672131147541
Díaz, Lewin,650331,2022,25,174,27,18,4,0,5,31,6.3,88.3,29.6,5.6,28.7,97.258491481,92.70251037,27.2,46.2,37,35.2,21.3,0.19047619047619047
Arraez, Luis,650333,2022,25,603,173,133,31,1,8,7.1,8.3,88.9,38.7,3.6,30.2,96.195004348,92.276757036,7.1,42.9,41.2,25.4,29.8,0.25100401606425704
Palacios, Jermaine,650339,2022,25,77,10,8,0,0,2,35.1,5.2,87.5,34.8,6.5,39.1,98.38676913,93.33343,35,58.4,54.3,21.7,23.9,0.22727272727272727
Jiménez, Eloy,650391,2022,25,327,86,58,12,0,16,22,8.6,92.8,31.7,14.7,54.9,103.54562625,96.686543438,30.3,49.8,50,25.4,21.9,0.2643171806167401
Torres, Gleyber,650402,2022,25,572,135,82,28,1,24,22.6,6.8,90.4,36.2,10.7,45.3,100.5348042,94.660057845,27.1,49.6,35.9,32.7,24.2,0.26150121065375304
Castro, Willi,650489,2022,25,392,88,60,18,2,8,20.9,3.8,84.8,35.5,3.5,31.4,97.165751549,92.663004452,28.4,58.2,42.9,24.4,23.7,0.272108843537415
Díaz, Yandy,650490,2022,30,558,140,98,33,0,9,10.8,14,92.2,30.7,4.8,49,103.107838195,96.208559878,14.3,41.3,50,19.6,24.4,0.27901234567901234
De La Cruz, Bryan,650559,2022,25,355,83,50,20,0,13,25.4,5.4,90.8,43.6,11.9,47.3,101.407773607,95.226009918,28.7,49.2,42.4,24.7,30.5,0.3375
Viloria, Meibrys,650619,2022,25,75,10,7,1,0,2,38.7,14.7,88.4,31.4,8.6,37.1,97.597577222,93.017521143,38.5,37.5,51.4,28.6,20,0.2
Rengifo, Luis,650859,2022,25,511,129,86,22,4,17,15.5,3.3,86.9,31.1,5.4,33.6,98.09743639,93.096324743,21.5,55.7,48.2,23.6,21.2,0.22113022113022113
Pinto, René,650907,2022,25,83,17,12,3,0,2,42.2,2.4,89.1,20,4.4,42.2,100.210100435,94.321997111,36.8,56,48.9,31.1,17.8,0.2857142857142857
Adams, Riley,656180,2022,26,155,25,16,4,0,5,29.7,7.7,90.2,25,9.4,45.8,101.327463958,94.837029368,30.1,45.6,44.8,28.1,18.8,0.22916666666666666
Allen, Greg,656185,2022,29,134,22,16,4,0,2,31.3,7.5,87.6,25,2.5,32.5,97.13406027,92.677602568,30.2,46.1,55,22.5,17.5,0.19753086419753085
Bouchard, Sean,656248,2022,26,97,22,13,6,0,3,25.8,21.6,89.8,44,2,40,100.2424568,94.5028188,27.8,37.8,38,26,34,0.34
Chapman, Matt,656305,2022,29,621,123,68,27,1,27,27.4,11,92.2,34,12.9,51.2,102.906606237,96.223630699,28.7,41.7,34.6,30,22.3,0.3048128342245989
Chavis, Michael,656308,2022,26,426,92,59,16,3,14,29.6,4.5,85.4,33,7.5,38.7,99.520768345,93.803336787,30.8,57.7,44.8,21.9,24.4,0.2602739726027397
Fairchild, Stuart,656413,2022,26,110,24,14,4,1,5,30.9,7.3,88.9,31.7,9.5,41.3,99.364164194,93.906276721,35.8,48.2,44.4,33.3,15.9,0.27419354838709675
Garrett, Stone,656448,2022,26,84,21,9,8,0,4,32.1,3.6,92.9,28,10,52,101.2777156,95.5788512,35,56.7,34,32,22,0.2653061224489796
Hill, Derek,656537,2022,26,92,19,16,2,0,1,30.4,5.4,85.2,33.9,3.4,30.5,97.503475769,92.844909216,30.8,50.9,54.2,16.9,23.7,0.1935483870967742
Hilliard, Sam,656541,2022,28,200,32,23,6,1,2,28.5,11.5,92,27.7,9.2,48.7,102.616565833,95.872595546,34.8,43.9,44.5,26.1,21,0.2966101694915254
Hoskins, Rhys,656555,2022,29,672,145,80,33,2,30,25.1,10.7,90.1,37.3,11.1,44.3,100.842284953,94.804616643,25.7,41.9,36.3,33,22.9,0.31353919239904987
Joe, Connor,656582,2022,29,467,96,65,20,4,7,20.8,11.8,85.3,35.1,4.5,33.8,97.624297516,92.833330754,21.2,40.4,47.1,19.5,26.3,0.2618296529968454
Luplow, Jordan,656669,2022,28,234,36,20,5,0,11,25.6,10.7,87.2,24,7.5,32.9,97.877095068,92.98903131,29.9,47.9,41.1,32.9,14.4,0.23776223776223776
Matijevic, J.J.,656695,2022,26,71,14,10,2,0,2,35.2,2.8,88.8,33.3,2.4,42.9,99.865977143,94.197589762,36.6,51.8,57.1,19,21.4,0.23809523809523808
McKinstry, Zach,656716,2022,27,185,33,19,6,3,5,28.1,8.6,86.4,41.4,4.3,30.2,96.760488421,92.451668761,21.1,46.6,39.7,25,31,0.24786324786324787
Mullins II, Cedric,656775,2022,27,672,157,105,32,4,16,18.8,7,88.8,29.3,4.9,37.3,98.895231356,93.569582691,22.2,51.3,41,26.4,21.1,0.2219959266802444
O'Hearn, Ryan,656811,2022,28,145,32,24,6,1,1,24.1,5.5,92.1,38,7,48,102.062682041,95.76288949,24.1,49.4,46,21,28,0.35294117647058826
Rivera, Emmanuel,656896,2022,26,359,77,46,16,3,12,23.1,6.4,90.4,32.3,9.3,38.3,99.960196371,94.242469274,25.8,50.1,49.2,26.2,20.6,0.26877470355731226
Schwarber, Kyle,656941,2022,29,669,126,56,21,3,46,29.9,12.9,93.3,35.4,20.1,54.4,104.793857287,97.247555372,29,40.6,34.3,33.8,20.6,0.3473684210526316
Smith, Pavin,656976,2022,26,277,54,36,9,0,9,24.2,10.1,87.9,28.7,9.9,35.9,98.397917802,93.251592099,21.7,39.5,43.6,29.8,17.7,0.2471264367816092
Thomas, Lane,657041,2022,26,548,120,75,26,2,17,24.1,7.5,86.4,32.6,6.5,34.5,98.449522283,93.255458474,21.1,44.1,45.3,21.3,21,0.23224043715846995
Tucker, Cole,657061,2022,25,63,11,9,1,1,0,39.7,0,82.4,39.5,7.9,23.7,94.314187368,91.434396579,28.1,46,47.4,23.7,23.7,0.24324324324324326
Verdugo, Alex,657077,2022,26,644,166,115,39,1,11,13.4,6.5,89.1,37.8,6,38.2,99.112574241,93.706486823,15.5,45.3,46.2,23,26.5,0.24901960784313726
Wong, Connor,657136,2022,26,56,9,5,3,0,1,28.6,8.9,89.8,20.6,11.8,32.4,99.758804706,94.271729091,30.6,48.9,64.7,17.6,11.8,0.20588235294117646
DeJong, Paul,657557,2022,28,237,33,18,9,0,6,33.3,8.9,87.6,25.6,9.8,37.6,99.542111493,93.858530902,35.2,48.8,32.3,34.6,21.8,0.24444444444444444
Laureano, Ramón,657656,2022,27,383,73,42,18,0,13,27.2,6.5,88.7,28.9,11.6,38.4,100.041538347,94.16358876,30.3,46.4,43.4,30.2,18.6,0.26666666666666666
Papierski, Michael,657709,2022,26,103,13,11,1,0,1,25.2,9.7,77.4,28.4,0,9,88.340397273,89.381348308,19.1,43.5,47.8,19.4,19.4,0.18461538461538463
Sheets, Gavin,657757,2022,26,410,91,57,19,0,15,21,6.6,88.6,32.3,6.5,36.1,98.93534363,93.559241787,21.9,47.7,41.2,24.8,23.5,0.2483221476510067
Olivares, Edward,658668,2022,26,174,46,34,8,0,4,20.7,5.7,89.2,34.9,6.3,38.9,99.966220794,94.23725184,24.9,51.2,47.6,19.8,28.6,0.30708661417322836
Moncada, Yoán,660162,2022,27,433,84,53,18,1,12,26.3,7.4,88.7,35.1,9.8,37.5,99.519949858,93.912687082,27.8,47.1,39.3,32.6,21.1,0.27335640138408307
Ohtani, Shohei,660271,2022,27,666,160,90,30,6,34,24.2,10.8,92.9,35,16.8,49.8,103.823624272,96.520363788,28.1,49.3,43,30.1,23.6,0.36363636363636365
Tsutsugo, Yoshi,660294,2022,30,193,29,23,4,0,2,25.9,9.8,88.8,32.3,5.6,36.3,98.366657419,93.35715629,21.9,44,47.6,23.4,22.6,0.192
Castillo, Diego A.,660636,2022,24,283,54,30,13,0,11,26.5,4.9,89.1,37.7,9.9,38.7,98.736440729,93.490571675,26.7,43.7,41.4,34,20.4,0.2879581151832461
Bruján, Vidal,660644,2022,24,162,24,16,5,0,3,22.8,7.4,86.1,30.4,2.7,27.7,96.400896071,92.213595893,20.7,50.5,46.4,22.3,21.4,0.18518518518518517
Garcia, Dérmis,660650,2022,24,125,24,13,6,0,5,44,6.4,86.5,27.9,13.1,42.6,100.773491613,94.52853623,44.5,51.2,45.9,26.2,18,0.29508196721311475
Acuña Jr., Ronald,660670,2022,24,533,124,85,24,0,15,23.6,9.9,91.2,32.8,12.8,49.7,103.759318129,96.440064282,24.9,47.9,47.7,24.7,21.2,0.34523809523809523
Ruiz, Keibert,660688,2022,23,433,99,70,22,0,7,11.5,6.9,88,36.3,3.7,32.3,97.283247895,92.718755058,14.9,50.9,40.6,25.1,28.2,0.2727272727272727
Montero, Elehuris,660707,2022,23,185,41,19,15,1,6,32.4,4.3,89.8,34.5,8.6,39.7,100.524698276,94.381819741,35.5,52.2,36.2,28.4,28.4,0.30434782608695654
Gonzalez, Oscar,660757,2022,24,382,107,69,27,0,11,19.6,3.9,88.6,32.5,7.3,40.1,101.045260903,94.682138153,26.7,59.3,49.8,18.3,26.6,0.28719723183391005
Yepez, Juan,660766,2022,24,274,64,39,13,0,12,22.3,5.8,86.5,33.2,9.2,33.7,98.66909102,93.337373827,26.1,54.5,37.8,31.1,19.9,0.23316062176165803
Sánchez, Jesús,660821,2022,24,343,67,37,14,3,13,26.8,7.6,89.5,25.7,9.9,40.5,101.710457117,95.181364706,29.6,47.8,46.8,26.6,19.4,0.26605504587155965
Park, Hoy,660829,2022,26,60,11,7,2,0,2,25,6.7,85.1,20,10,25,96.311552105,92.268094324,20.7,38.8,55,32.5,10,0.2
Contreras, William,661388,2022,24,376,93,58,14,1,20,27.7,10.4,90.4,31.9,13.4,46.6,102.334962328,95.58762026,34.3,44.6,53.4,24.6,18.5,0.3274336283185841
Serven, Brian,661531,2022,27,205,38,27,4,1,6,21.5,6.3,84.5,32.9,2.7,29.5,96.245205139,92.177853427,27.2,54.5,45.2,18.5,26,0.22758620689655173
Varsho, Daulton,662139,2022,25,592,125,72,23,3,27,24.5,7.8,87.7,33.6,10.2,35.6,99.211725904,93.6867316,25.2,50.6,42.7,29.8,19.6,0.2454308093994778
Nootbaar, Lars,663457,2022,24,347,66,33,16,3,14,20.5,14.7,91.7,30.4,12.1,46,101.790400273,95.340542192,23.5,39.2,46,25,23.7,0.28125
Nevin, Tyler,663527,2022,25,184,31,25,4,0,2,25,10.9,87.3,34.2,3.5,37.7,98.356865263,93.376842655,26.8,45.6,39.5,28.1,25.4,0.2672413793103448
Hoerner, Nico,663538,2022,25,517,135,98,22,5,10,11,5.4,87.2,32.4,2.6,33.5,97.678971875,92.920531108,14.2,49.2,46.5,24.2,23.5,0.2161520190023753
Riley, Austin,663586,2022,25,693,168,89,39,2,38,24.2,8.2,92.5,37.7,15.7,50.8,104.398300222,96.785171533,27.6,51.5,39,28.8,26.2,0.3392857142857143
Madrigal, Nick,663611,2022,25,228,52,45,7,0,0,11.8,6.1,85.9,26.6,0,24.6,94.969870795,91.48588483,10.3,44.5,62.5,9.8,23.9,0.18994413407821228
Larnach, Trevor,663616,2022,25,180,37,19,13,0,5,31.7,10,90.1,36.2,11.4,43.8,101.431611321,95.113861143,40.2,41.6,41.9,36.2,18.1,0.3137254901960784
Mountcastle, Ryan,663624,2022,25,609,139,88,28,1,22,25.3,7.1,91.3,39.5,15,46.3,101.941494208,95.335163391,29.8,56.2,37.3,32.1,25.7,0.35467980295566504
McKenna, Ryan,663630,2022,25,172,37,25,10,0,2,32,6.4,86.7,37.5,9.6,30.1,97.3643112,92.729450101,35,52.6,43.3,25,25,0.26
Hayes, Ke'Bryan,663647,2022,25,560,123,89,24,3,7,21.8,8.6,91,30.6,3.9,46.8,102.263213822,95.477046745,20.7,43.3,49.6,17.7,27,0.2677165354330709
Tucker, Kyle,663656,2022,25,609,140,81,28,1,30,15.6,9.7,90,34.4,10.2,42.4,100.332560357,94.468288036,19.9,52.7,34.4,37.7,22,0.27069351230425054
Cameron, Daz,663662,2022,25,70,14,9,3,1,1,28.6,7.1,90.4,43.2,9.1,43.2,100.319888182,94.301869318,30.7,47.7,31.8,31.8,22.7,0.2222222222222222
India, Jonathan,663697,2022,25,431,96,68,16,2,10,21.8,7.2,85.1,36,4.8,28.8,97.40599669,92.71951917,23.6,41.3,41.8,25.7,23.6,0.2542372881355932
Bart, Joey,663698,2022,25,291,56,39,6,0,11,38.5,8.9,87.3,32.2,10.1,43,101.289725342,94.721199726,38,47.2,44.3,24.2,22.1,0.3611111111111111
Raleigh, Cal,663728,2022,25,415,78,30,20,1,27,29.4,9.2,90.9,36,15.4,43.5,101.200073622,95.046335375,32.1,52.6,29.6,41.5,19.8,0.2727272727272727
Fortes, Nick,663743,2022,25,240,50,34,6,1,9,18.8,7.5,89.3,30.2,7,37.8,99.460571882,93.908283529,22.9,44.7,39.5,29.1,20.3,0.26506024096385544
Grisham, Trent,663757,2022,25,524,83,48,16,2,17,28.6,10.9,88.3,25.5,8.1,35.5,99.46593125,93.84436934,26.2,38.7,46.1,30,14.8,0.23102310231023102
Vierling, Matt,663837,2022,25,357,80,60,12,2,6,19.6,6.4,91.2,35.2,5,47.1,101.211212846,94.995167231,19.5,44.6,41.4,23.4,27.6,0.26436781609195403
Rivas III, Alfonso,663845,2022,25,287,59,49,5,2,3,30.3,10.1,86.9,34.7,4.2,35.3,98.449898395,93.317647826,26.2,42,52.1,19.2,26.3,0.2787878787878788
Gonzalez, Romy,663853,2022,25,109,25,18,4,1,2,35.8,1.8,91.2,29.9,9,49.3,102.563254242,95.828662308,37.9,53.7,58.2,26.9,13.4,0.3225806451612903
Stephenson, Tyler,663886,2022,25,183,53,38,9,0,6,25.7,6.6,87.1,46.3,6.6,34.7,97.521469508,92.827161901,27,43.6,40.5,18.2,36.4,0.33884297520661155
Williams, Luke,663897,2022,25,136,30,23,5,1,1,32.4,6.6,83.3,36.1,3.6,22.9,94.44903675,91.478494625,29.9,50.7,41,21.7,24.1,0.23170731707317074
Rodgers, Brendan,663898,2022,25,581,140,94,30,3,13,17.4,7.9,90,31.3,7.2,45.9,101.127645047,94.882864603,22.7,49.4,52,19.7,25.5,0.2706422018348624
Lowe, Nathaniel,663993,2022,26,645,179,123,26,3,27,22.8,7.4,90.2,34.1,9.9,44.8,101.963916216,95.317229707,24.9,52.2,48.2,21.5,26,0.34553775743707094
Happ, Ian,664023,2022,27,641,155,94,42,2,17,23.2,9,89.7,29.2,6.5,40.4,100.312408396,94.405566288,27.2,49,47.4,24.8,22,0.28941176470588237
Mathias, Mark,664029,2022,27,91,20,11,3,0,6,33,9.9,90.2,34.6,11.5,46.2,99.592462692,93.998095769,34.6,39.4,42.3,30.8,25,0.28
France, Ty,664034,2022,27,613,151,103,27,1,20,15.3,5.7,87.6,34.8,5.4,36.8,99.035163319,93.565264683,19.3,52.5,47.8,21.2,25.5,0.28348214285714285
Lowe, Brandon,664040,2022,27,266,52,32,10,2,8,22.9,10.2,89.4,35.4,10.3,38.9,99.918656897,94.284977069,33.5,53.3,38.3,26.3,24.6,0.2774566473988439
Bader, Harrison,664056,2022,28,313,73,55,10,3,5,19.8,4.8,83.4,28.4,3.4,26.3,96.180596034,92.143730991,22.1,48,41.4,25,20.7,0.23553719008264462
Fletcher, David,664058,2022,28,228,55,43,9,1,2,7,3.1,82.1,41.1,0,7.4,91.09124866,89.628919691,12.2,48.4,37.1,20.3,31.7,0.2268041237113402
Haggerty, Sam,664059,2022,28,201,45,30,9,1,5,26.4,9,86,32.5,4,24.6,96.38917,92.207266333,27.9,49.3,46,20.6,24.6,0.28125
Moore, Dylan,664238,2022,29,255,46,27,11,2,6,29.4,13.3,87.2,39.4,12.9,36.4,98.982847692,93.508799615,27.6,38.7,32.6,32.6,22,0.30303030303030304
Garlick, Kyle,664247,2022,30,162,35,23,3,0,9,29.6,4.9,90.2,36.9,9.7,47.6,101.399865577,95.232580777,35.2,48.7,41.7,29.1,22.3,0.29411764705882354
Lopez, Alejo,664670,2022,26,156,38,31,5,1,1,13.5,5.8,83.8,37.9,0.8,20.2,94.42221,91.277312397,16.3,50.6,47.6,18.5,30.6,0.192
Straw, Myles,664702,2022,27,596,118,93,22,3,0,14.6,9.1,87,34.1,0.7,26.5,95.486124533,91.784236481,12.6,40.5,47.6,22.5,26.2,0.16560509554140126
Isbel, Kyle,664728,2022,25,278,54,35,10,4,5,27,5.8,89.7,30.4,4.9,44.6,100.466422667,94.564799889,21.9,46.3,44,20.1,25.5,0.23626373626373626
Higgins, P.J.,664731,2022,29,229,46,28,11,1,6,25.3,9.6,86,34.7,3.4,25.5,95.709141571,91.886405683,27.3,43.1,44.9,21.1,27.2,0.22377622377622378
Bohm, Alec,664761,2022,25,631,164,124,24,3,13,17.4,4.9,90.2,37.7,6.8,43,100.649873374,94.552579815,21.1,51.2,46.3,21,27.2,0.3183673469387755
Wade Jr., LaMonte,664774,2022,28,251,45,29,7,1,8,20.3,10.4,87.7,33.7,9.5,34.3,98.05927131,93.112804491,17.8,44.8,34.3,38.5,17.8,0.23170731707317074
Mazeika, Patrick,664850,2022,28,72,13,8,4,0,1,12.5,2.8,84.5,29.5,3.3,18,93.467468276,90.797627414,14.9,49.6,42.6,26.2,19.7,0.12307692307692308
Zavala, Seby,664874,2022,28,205,48,32,14,0,2,31.2,9.3,88.8,41.2,9.2,37,98.11221069,93.374340172,37.6,53.5,29.4,33.6,29.4,0.31932773109243695
Mendick, Danny,664901,2022,28,106,28,20,4,1,3,21.7,6.6,86.8,38.7,4,20,95.653647838,91.91142,25.3,42.2,45.3,24,28,0.21052631578947367
Brown, Seth,664913,2022,29,555,115,61,26,3,25,26.3,9.2,89.2,34.9,13,41.4,101.723429266,95.001222068,29.6,48.3,36.6,30.4,24.5,0.33620689655172414
McCarthy, Jake,664983,2022,24,354,91,64,16,3,8,21.5,6.5,87.4,32.5,4.8,33.7,98.235931513,93.298753151,27.4,53.1,51.8,21.7,23.3,0.21285140562248997
Clemens, Kody,665019,2022,26,127,17,8,4,0,5,26,6.3,89.4,26.7,5.8,37.2,98.286138605,93.203562907,27.4,53,38.4,36,17.4,0.2
Walsh, Jared,665120,2022,28,454,91,56,18,2,15,30.4,5.9,90.1,34,9.5,42.5,100.931193759,94.894355638,27.6,49.1,46.3,24.2,23.5,0.26480836236933797
Maton, Nick,665155,2022,25,85,18,10,2,1,5,34.1,11.8,86.6,37.8,6.7,31.1,96.703721364,92.378948864,35.4,48.8,33.3,33.3,24.4,0.3409090909090909
Peña, Jeremy,665161,2022,24,558,132,88,20,2,22,24.2,3.9,88.1,32.9,9.7,36.7,99.803563646,93.99255276,29.7,55.2,47.7,22.4,25.3,0.28756476683937826
Celestino, Gilberto,665482,2022,23,347,74,59,12,1,2,22.2,9.2,87.3,27.1,2.5,34.3,98.33701431,93.262711767,23.4,44.5,60.6,14.4,22,0.18803418803418803
Guerrero Jr., Vladimir,665489,2022,23,706,175,108,35,0,32,16.4,8.2,92.8,27.9,11.2,50.4,105.507038582,97.328619789,24.4,49.7,52.3,17.1,24.5,0.2940038684719536
Pache, Cristian,665506,2022,23,260,40,30,5,2,3,26.9,5.8,89.4,25.3,3.4,40.8,100.207713059,94.45821355,30.2,50.5,58,16.7,19.5,0.23529411764705882
Soto, Juan,665742,2022,23,664,127,73,25,2,27,14.5,20.3,91,28.5,12.4,47.4,102.236934112,95.653888852,19.2,35.5,47.4,27.1,19.2,0.2775229357798165
Taveras, Leody,665750,2022,23,341,82,61,14,2,5,25.8,6.2,89.3,28.7,4.3,36.1,99.307027387,93.803918054,28.1,49.2,44.8,22.6,24.3,0.26339285714285715
Cabrera, Oswaldo,665828,2022,23,171,38,23,8,1,6,25.7,8.8,86.8,41.1,6.3,34.8,97.586874909,92.793437455,26.9,52.4,30.4,36.6,25,0.23893805309734514
Cruz, Oneil,665833,2022,23,361,77,43,13,4,17,34.9,7.8,91.9,30.6,15.5,46.1,104.662067282,96.683239073,35.4,40.5,49.5,22.8,21.4,0.31862745098039214
Chisholm Jr., Jazz,665862,2022,24,241,54,26,10,4,14,27.4,8.7,90.4,37.3,16.7,46.7,100.669336216,94.818931905,32.1,47.2,39.3,34.7,20.7,0.32432432432432434
Giménez, Andrés,665926,2022,23,557,146,100,26,3,17,20.1,6.1,87.8,31.3,6.2,37.8,99.022592,93.615976351,26.2,53.7,48.2,19.4,24.4,0.27602905569007263
Aranda, Jonathan,666018,2022,24,87,15,9,4,0,2,26.4,9.2,91.1,29.1,7.3,45.5,100.631155185,94.661134074,22.4,44,54.5,23.6,18.2,0.17307692307692307
Jones, Nolan,666134,2022,24,94,21,14,5,0,2,33,8.5,89.3,49.1,14.5,49.1,101.65603963,95.263844815,29.9,43.6,38.2,25.5,32.7,0.4
Kirilloff, Alex,666135,2022,24,156,36,26,7,0,3,23.1,3.2,89.3,28.2,6.4,45.5,99.634929455,94.165907909,20.1,50.3,55.5,26.4,15.5,0.24770642201834864
Lowe, Josh,666139,2022,24,198,40,24,12,2,2,33.3,7.6,88.3,47.4,5.2,37.1,98.497331034,93.392541391,32.6,46.2,36.2,29.3,31,0.2631578947368421
Lux, Gavin,666158,2022,24,471,116,83,20,7,6,20.2,10,88,34,6.1,39.8,98.887037439,93.675126098,23.3,42.6,49.5,21.9,24,0.2453416149068323
Moniak, Mickey,666160,2022,24,112,18,11,3,1,3,39.3,3.6,84.9,22.2,7.9,31.7,98.719537419,93.466598689,37.9,58.3,38.1,30.2,19,0.22580645161290322
Adell, Jo,666176,2022,23,285,60,38,12,2,8,37.5,3.9,87.4,33.3,9.9,37.7,99.589186914,93.836446584,36.2,51.9,40.7,22.8,25.3,0.28205128205128205
Beer, Seth,666179,2022,25,126,21,17,3,0,1,24.6,8.7,85.9,33.3,3.7,29.6,97.17208925,92.66727557,28.7,47.5,46.9,19.8,29.6,0.24050632911392406
Benson, Will,666181,2022,24,61,10,9,1,0,0,31.1,4.9,84.2,18.9,0,27,96.206221667,92.304290833,30.6,42.8,48.6,18.9,18.9,0.21951219512195122
Bichette, Bo,666182,2022,24,697,189,121,43,1,24,22.2,5.9,91.9,33.3,9.6,50.3,102.743171296,96.003278846,23,55.9,49.1,22,24.6,0.32991803278688525
Carlson, Dylan,666185,2022,23,488,102,60,30,4,8,19.3,9.2,86.1,35.7,4.4,27.2,96.293953036,92.150882262,25.6,46.2,43,27.5,25.1,0.2034383954154728
Trammell, Taylor,666211,2022,24,117,20,7,9,0,4,28.2,11.1,88.3,29.6,9.9,28.2,97.776181429,92.975271014,33.7,47.7,39.4,33.8,16.9,0.29411764705882354
Encarnación, Jerar,666464,2022,24,81,14,8,3,0,3,39.5,3.7,90.5,30.4,6.5,41.3,100.049450435,94.552698043,42.7,54.6,50,26.1,21.7,0.2826086956521739
Morel, Christopher,666624,2022,23,425,89,50,19,4,16,32.2,8.9,89.6,30,13.4,40.3,101.819951356,95.086096314,38.3,50.1,51,24.3,18.2,0.31092436974789917
Castro, Rodolfo,666801,2022,23,277,59,36,8,4,11,26.7,7.9,87.3,25.6,6.7,35,99.31755,93.717343409,32.6,47.5,51.1,24.4,17.2,0.2573099415204678
Dalbec, Bobby,666915,2022,27,353,68,45,9,2,12,33.4,8.2,90.3,32,11.8,45.8,101.246531881,94.95935203,35,46.5,38.9,33.5,21.2,0.3088235294117647
García, Adolis,666969,2022,29,657,151,85,34,5,27,27.9,6.1,92.1,36.9,12.9,47.4,102.368780141,95.786867388,33.5,53.5,41.1,25,24.5,0.3175355450236967
Gurriel Jr., Lourdes,666971,2022,28,493,132,94,32,1,5,16.8,6.3,90.6,34.7,3.8,45.7,100.376795914,94.662022446,21.3,48.7,45.7,22,26.3,0.29476584022038566
Arozarena, Randy,668227,2022,27,645,154,90,41,3,20,24.2,7.1,89.9,28.2,7.9,41,101.17822,94.772195116,28.6,46.1,50.2,19.7,20.8,0.2541176470588235
Pratto, Nick,668472,2022,23,182,29,12,9,1,7,36.3,10.4,86,34.4,12.5,36.5,98.384692128,93.208049043,34.4,45.5,33.3,40.6,17.7,0.30851063829787234
Barrera, Tres,668663,2022,27,53,9,8,1,0,0,30.2,3.8,81.8,31.4,0,14.3,91.985822941,90.149646176,24,53.6,37.1,28.6,20,0.1794871794871795
Bleday, JJ,668709,2022,24,238,34,17,10,2,5,28.2,12.6,86.3,37.4,8.6,33.8,97.363228429,92.749834317,27.9,46.7,25.2,38.1,25.2,0.2537313432835821
Steer, Spencer,668715,2022,24,108,20,13,5,0,2,24.1,10.2,84.7,30.4,5.8,31.9,96.403368857,92.284970435,21.2,41.8,43.5,24.6,21.7,0.21428571428571427
Baddoo, Akil,668731,2022,23,225,41,34,3,2,2,28.4,10.7,85,29.9,3.6,27,96.42330597,92.211959254,28.1,47.1,42.3,24.8,21.2,0.19402985074626866
Mitchell, Cal,668751,2022,23,232,48,32,11,0,5,22.4,7.8,89.9,34,4.9,40.7,99.042591235,93.818245342,26.6,50.5,46.3,21.6,30.2,0.23636363636363636
Knizner, Andrew,668800,2022,27,293,56,42,10,0,4,21.2,8.9,86,28.6,3.5,33.2,97.694226667,92.856279899,22.7,48.8,45.7,23.6,17.6,0.20297029702970298
Reynolds, Bryan,668804,2022,27,614,142,92,19,4,27,23,9.1,90.2,35.5,7.9,42.9,100.882578564,94.722792556,27.7,50.4,43.7,27.8,24.6,0.2707317073170732
Capel, Conner,668843,2022,25,59,16,12,0,1,3,16.9,8.5,87.6,34.1,6.8,31.8,97.990665455,93.173799773,24.8,45,43.2,25,29.5,0.24390243902439024
Rutschman, Adley,668939,2022,24,470,101,52,35,1,13,18.3,13.8,87.9,35.6,7.9,36.8,99.028130823,93.60531527,17.9,40.5,40,26.7,25.1,0.2744479495268139
Rojas, Josh,668942,2022,28,510,119,84,25,1,9,19.2,10.8,88.8,33.5,4.5,36.1,98.050444128,93.265048338,22.2,41,43.9,26.2,26.2,0.21902017291066284
Kreidler, Ryan,668952,2022,24,84,13,11,1,0,1,26.2,7.1,88.2,34.5,7.3,32.7,96.201781111,92.261975094,27.6,49.2,41.8,38.2,16.4,0.28
Mitchell, Garrett,669003,2022,23,68,19,14,3,0,2,41.2,8.8,92.9,41.2,11.8,41.2,100.828725882,95.111031515,31.5,48.7,41.2,29.4,29.4,0.24242424242424243
Melendez Jr., MJ,669004,2022,23,534,100,58,21,3,18,24.5,12.4,90.7,31,10.4,43.5,100.595888323,94.716383713,27.8,44.6,39.6,32.7,20.8,0.30120481927710846
Marsh, Brandon,669016,2022,24,461,104,71,18,4,11,34.3,6.1,89.2,40.8,7.4,38.2,99.629003534,94.108601774,29.1,47.9,43.4,27.9,26.1,0.29739776951672864
Stowers, Kyle,669065,2022,24,98,23,15,4,1,3,29.6,5.1,91.1,38.7,11.3,50,102.094287742,95.636152581,32.8,55.4,35.5,25.8,32.3,0.375
Huff, Sam,669087,2022,24,132,29,21,4,0,4,31.8,8.3,88.9,35.4,10.1,36.7,99.99883625,94.152076329,39,53.3,44.3,24.1,26.6,0.3037974683544304
Langeliers, Shea,669127,2022,24,153,31,14,10,1,6,34.6,5.9,87.3,42.9,9.9,38.5,99.086486739,93.605224725,42.7,54.2,37.4,24.2,25.3,0.29213483146067415
Campusano, Luis,669134,2022,23,50,12,10,1,0,1,22,2,87.7,26.3,5.3,36.8,99.761276842,93.942856579,31.7,62.7,44.7,28.9,15.8,0.2777777777777778
Murphy, Sean,669221,2022,27,612,134,77,37,2,18,20.3,9.2,88.7,34.7,10.5,41.4,101.085158756,94.706891435,24,49.3,42.1,23.4,27,0.3097560975609756
Senzel, Nick,669222,2022,27,420,86,68,13,0,5,18.1,7.1,87.2,35,3.3,33.9,97.72590723,92.94147061,21.8,47.7,46.3,24.3,23.7,0.23
Edman, Tommy,669242,2022,27,630,153,105,31,4,13,17.6,7.3,88.6,31.6,6.2,37.8,98.931648319,93.598664536,20.6,47,49.4,20.5,23.5,0.24568965517241378
Solak, Nick,669256,2022,27,95,17,13,1,0,3,20,7.4,86.7,28.1,7.8,34.4,98.943208065,93.471604032,23.8,42.3,57.8,21.9,17.2,0.20588235294117646
Smith, Will,669257,2022,27,578,132,79,26,3,24,16.6,9.7,89.9,36.8,10.3,43,99.764565096,94.188464255,19.3,42.6,31.5,37.3,25.5,0.28780487804878047
Suwinski, Jack,669261,2022,23,372,66,36,11,0,19,30.6,11,88.3,26.3,12.2,40.4,100.221227453,94.334188302,30.5,43.2,43.2,31.9,16,0.22935779816513763
Espinal, Santiago,669289,2022,27,491,120,88,25,0,7,13.8,7.3,86.1,33.8,3.4,31.7,96.814213298,92.407779843,15.5,46.1,43.6,19.2,26.8,0.2545931758530184
Miranda, Jose,669304,2022,24,483,119,79,25,0,15,18.8,5.8,89.3,34.2,6.2,42.4,99.818973051,94.236161898,24.3,51.5,42.4,25.4,24,0.2647887323943662
Thompson, Bubba,669352,2022,24,181,45,39,5,0,1,30.9,3.9,84.8,21.6,1.7,21.6,95.6266222,91.8214983,31.6,58.7,58.6,19,14.7,0.16216216216216217
Gorman, Nolan,669357,2022,22,313,64,37,13,0,14,32.9,8.9,89.2,46.7,14.4,43.3,100.703871333,94.563796111,34.5,51.1,27.2,38.3,27.8,0.3532608695652174
Hiura, Keston,669374,2022,25,266,53,30,8,1,14,41.7,8.6,91.7,41.1,15.3,45.2,103.00306629,95.913755285,40.1,49,36.3,33.9,24.2,0.35
Burger, Jake,669394,2022,26,183,42,24,9,1,8,30.6,5.5,90.7,33.3,14.9,43,102.65301125,95.597171532,35.4,53.8,43,30.7,21.1,0.2857142857142857
Allen, Nick,669397,2022,23,326,62,45,13,0,4,19.6,5.8,83.9,26,1.2,22.3,94.329041897,91.214480087,22.7,53,53.7,19.8,20.7,0.17446808510638298
Hummel, Cooper,669450,2022,27,201,31,17,8,3,3,31.8,11.4,87.6,30.1,7.1,35.4,99.536416429,93.823074324,27.5,40.9,47.8,24.8,20.4,0.29464285714285715
Smith, Josh,669701,2022,24,253,42,35,5,0,2,19.8,11.1,87,34.5,2.4,28.6,96.124871098,92.093542209,23.4,41.1,36.3,26.2,25.6,0.25301204819277107
Hays, Austin,669720,2022,26,582,134,81,35,2,16,19.6,5.8,87.7,32.3,5.2,37.7,98.997922429,93.543165976,23.5,51,43.6,22.4,23.6,0.24465558194774348
Hall, Darick,669742,2022,26,142,34,16,8,1,9,31,3.5,91.4,37,17.4,44.6,101.637107174,95.146168043,33.7,52.5,34.8,35.9,23.9,0.32967032967032966
Call, Alex,669743,2022,27,131,27,18,3,1,5,22.9,11.5,86.3,29.8,1.2,31,96.200864048,92.155563976,24.8,44.6,38.1,31,22.6,0.20481927710843373
Toglia, Michael,669911,2022,23,120,24,12,8,2,2,36.7,7.5,87.4,32.8,7.5,40.3,99.722920588,94.057525373,33.8,47.7,38.8,26.9,26.9,0.29411764705882354
Lopez, Nicky,670032,2022,27,480,99,83,12,4,0,13.1,6,84.9,31.3,1.6,22.9,94.94043827,91.479636504,17.3,49.1,55.2,15.4,24.7,0.20256410256410257
Raley, Luke,670042,2022,27,72,12,9,2,0,1,33.3,9.7,90.1,31.6,13.2,39.5,100.628204737,94.641931351,39.9,50.7,42.1,31.6,15.8,0.2894736842105263
Wallner, Matt,670242,2022,24,65,13,8,3,0,2,38.5,9.2,87.5,21.9,9.4,53.1,102.52181,95.903495313,38.1,44,53.1,12.5,18.8,0.23333333333333334
Stevenson, Cal,670276,2022,25,71,10,7,3,0,0,32.4,11.3,87.6,32.5,5,32.5,97.164706842,92.732142895,26.3,38.8,47.5,17.5,27.5,0.3
Rojas, Jose,670351,2022,29,57,7,5,2,0,0,33.3,0,84.8,21.6,2.7,32.4,96.317041667,92.241079444,26,57.5,32.4,16.2,18.9,0.22857142857142856
Alvarez, Yordan,670541,2022,25,561,144,76,29,2,37,18.9,13.9,95.2,40.7,21,59.8,105.676985081,98.195923324,23.4,42.7,39.9,30.5,27,0.3951612903225806
Paredes, Isaac,670623,2022,23,381,68,32,16,0,20,17.6,11.5,87.4,27.4,6.4,38.7,98.355538496,93.255665472,16.5,39.8,42.1,28.2,17.7,0.2248062015503876
Brosseau, Mike,670712,2022,28,160,36,25,5,0,6,30,8.8,89.1,34.4,8.6,41.9,98.509374894,93.686113441,31.1,46.9,40.9,34.4,22.6,0.33695652173913043
Walls, Taylor,670764,2022,25,466,70,42,18,2,8,25.8,11.2,86.3,32.6,6.2,28.5,96.121545455,92.072558077,25.4,43,37.8,26.8,26.8,0.1993006993006993
González, Luis,670768,2022,26,350,78,55,17,2,4,21.4,8.6,86.9,27,2.9,32,97.698676404,92.886404298,22.7,47.2,47.3,27,20.3,0.18067226890756302
Friedl Jr., TJ,670770,2022,26,258,54,31,10,5,8,15.5,7.8,87.2,30.9,4.7,29.8,97.321634111,92.6816085,19.9,43.5,35.1,32.5,20.4,0.18181818181818182
Soto, Livan,670869,2022,22,59,22,15,5,1,1,22,3.4,83.8,40.9,0,15.9,92.851194286,90.623598049,16.8,50.7,34.1,29.5,29.5,0.35
Kennedy, Buddy,671083,2022,23,94,18,13,2,2,1,24.5,8.5,88.6,38.7,1.6,32.3,96.315206452,92.208401452,21.5,41,43.5,25.8,25.8,0.18032786885245902
Casas, Triston,671213,2022,22,95,15,9,1,0,5,24.2,20,86,28.3,7.5,41.5,99.403010741,93.836791698,26.3,37.9,56.6,28.3,13.2,0.18
Waters, Drew,671221,2022,23,109,23,11,6,1,5,36.7,11,84.1,41.1,12.5,28.6,96.323792143,92.407147857,32.4,47.1,48.2,28.6,21.4,0.2962962962962963
García, Luis,671277,2022,22,377,99,67,23,2,7,22.3,2.9,87.3,37.4,7.5,36.7,98.963627429,93.569820789,27,53.5,52.7,20.3,25.6,0.2831541218637993
Freeman, Tyler,671289,2022,23,86,19,16,3,0,0,12.8,4.7,85.9,28.4,1.5,26.9,96.960101818,92.566031846,18.5,50.7,52.2,17.9,19.4,0.13636363636363635
Harris II, Michael,671739,2022,21,441,123,74,27,3,19,24.3,4.8,89.5,32.8,10.1,45.1,102.581692941,95.614748459,28.1,52.4,55.8,17.9,22.4,0.2809364548494983
Kelenic, Jarred,672284,2022,22,181,23,10,5,1,7,33.7,8.8,86,27.2,13.6,35,99.0507575,93.58765835,33.3,48.5,36.9,31.1,16.5,0.22330097087378642
Arias, Gabriel,672356,2022,22,57,9,6,1,1,1,28.1,14,88.8,18.8,6.3,34.4,100.516843333,94.398779,36.1,42,71.9,3.1,18.8,0.2571428571428571
Kirk, Alejandro,672386,2022,23,541,134,101,19,0,14,10.7,11.6,90.5,32,6.7,45.4,101.053304663,94.989537614,15.4,41,50,20.4,24.5,0.2777777777777778
Diaz, Jordan,672478,2022,21,51,13,10,3,0,0,13.7,3.9,86.9,26.2,0,31,96.129837619,92.068414524,20.4,63.6,66.7,7.1,23.8,0.15789473684210525
Moreno, Gabriel,672515,2022,22,73,22,20,1,0,1,11,5.5,89.2,29.5,3.3,32.8,97.748776129,93.009237869,19.7,47.9,55.7,14.8,24.6,0.22807017543859648
Perdomo, Geraldo,672695,2022,22,500,84,67,10,2,5,20.6,10,85,28.1,2,25.1,95.305189236,91.661910605,18.3,41.3,50.6,19.9,21.1,0.20364741641337386
Peraza, Oswald,672724,2022,22,57,15,11,3,0,1,15.8,10.5,81.6,25,5,30,95.3083725,92.10581375,17.7,49.4,57.5,15,17.5,0.2926829268292683
Marcano, Tucupita,672779,2022,22,177,33,23,6,2,2,24.9,5.6,84.7,30.3,1.6,17.2,94.100557069,91.080698696,20.6,46.1,47.5,23.8,20.5,0.15873015873015872
Robert Jr., Luis,673357,2022,24,401,108,78,18,0,12,19.2,4.2,89.3,32.6,8.9,42.8,101.454212895,94.809771678,27.1,61.5,45.1,23,26.3,0.29431438127090304
Kim, Ha-Seong,673490,2022,26,582,130,87,29,3,11,17.2,8.8,86.7,34,4.2,32.4,97.647567656,92.869312734,19.1,43.3,40.8,22.9,25.9,0.2607655502392344
Suzuki, Seiya,673548,2022,27,446,104,66,22,2,14,24.7,9.4,89.6,36.9,11,41.3,100.244268881,94.350662098,22.8,39,40.7,25.5,27.2,0.3146853146853147
Jung, Josh,673962,2022,24,102,20,10,4,1,5,38.2,3.9,85.5,40.7,10.2,32.2,98.305209333,93.279324746,30.8,47,42.4,25.4,25.4,0.2982456140350877
Smith, Kevin,675656,2022,25,151,25,13,9,1,2,27.8,4.6,87,32.4,7.8,33.3,98.087369388,93.05239898,30.1,53,43.1,32.4,16.7,0.2222222222222222
Velázquez, Nelson,676369,2022,23,206,38,22,7,3,6,31.6,9.2,89.2,35,13.3,43.6,100.265489661,94.367476923,36.2,47.4,43.3,29.2,20,0.25203252032520324
Clement, Ernie,676391,2022,26,179,30,26,4,0,0,14.5,6.1,85,27.1,3.6,25.7,94.798252206,91.426475368,16,49.6,47.1,28.6,18.6,0.1643835616438356
Burleson, Alec,676475,2022,23,53,9,7,1,0,1,17,9.4,91.7,35.9,10.3,48.7,100.518393158,95.136274211,24.7,51.1,48.7,23.1,25.6,0.37142857142857144
Barrero, Jose,676480,2022,24,174,25,20,3,0,2,43.7,5.2,87.5,33.7,2.2,35.2,98.193362727,93.242532414,38.5,57.4,40.4,29.2,21.3,0.18181818181818182
Contreras, Mark,676628,2022,27,61,7,3,1,0,3,34.4,1.6,94.9,28.9,31.6,57.9,104.284496316,97.133628947,31.9,62.7,47.4,23.7,18.4,0.2926829268292683
Madris, Bligh,676632,2022,26,123,20,12,7,0,1,25.2,8.1,88.9,30.5,4.9,41.5,99.381132683,94.178952099,26.8,46.3,51.2,23.2,19.5,0.20481927710843373
Meyers, Jake,676694,2022,26,160,34,25,6,2,1,33.8,4.4,87.3,30.9,5.2,37.1,98.54444,93.291333191,31.2,47.4,53.6,16.5,25.8,0.2717391304347826
Trejo, Alan,676701,2022,26,125,32,22,6,0,4,24.8,4,86.2,37.9,4.6,31.4,96.419990698,92.215872674,25,52.6,39.1,32.2,25.3,0.25842696629213485
McCormick, Chas,676801,2022,27,407,88,60,12,2,14,26,11.3,88.1,33.5,10.2,39,98.903106371,93.652024395,32.2,48.4,44.1,31.9,22,0.2862903225806452
MacKinnon, David,676950,2022,27,57,7,7,0,0,0,29.8,10.5,85,26.5,2.9,20.6,95.337789412,91.668894706,24.1,44.4,50,20.6,20.6,0.23529411764705882
Franco, Wander,677551,2022,21,344,87,58,20,3,6,9.6,7.6,87.3,35.1,4.6,35.8,98.428767413,93.287600772,13.3,51.3,44.2,18.2,29.1,0.25704225352112675
Rodríguez, Julio,677594,2022,21,560,145,89,25,3,28,25.9,7.1,92,32.7,13.1,50.7,103.718795769,96.379006446,30.4,50.2,46.3,24,22.3,0.28296703296703296
Duran, Ezequiel,677649,2022,23,220,49,33,10,1,5,24.5,5.5,85.9,24.7,4.5,31.8,97.9242875,93.124773224,28.9,55.7,50,12.3,20.8,0.23178807947019867
Thomas, Alek,677950,2022,22,411,88,62,17,1,8,18,5.4,87.4,27.9,3.8,34.6,98.660118182,93.330771656,25,49.2,57.7,15.7,21.8,0.19933554817275748
Witt Jr., Bobby,677951,2022,22,632,150,93,31,6,20,21.4,4.7,89.7,32.5,8.7,38.6,100.836506783,94.527115512,25.2,51.8,36.2,33.4,22.6,0.2597402597402597
Groshans, Jordan,677954,2022,22,65,16,15,0,0,1,20,6.2,87.1,37.5,2.1,37.5,98.61393375,93.529322917,17.9,44.5,47.9,25,25,0.24444444444444444
Vargas, Miguel,678246,2022,22,50,8,6,1,0,1,26,4,89.7,25.7,8.6,40,98.538499444,93.609804857,24.3,51,37.1,40,11.4,0.2
Torkelson, Spencer,679529,2022,22,404,73,48,16,1,8,24.5,9.2,90.5,35.4,8.4,41.8,100.743731756,94.657766412,25.6,45.9,40.7,25.9,25.9,0.26591760299625467
Vavra, Terrin,679631,2022,25,103,23,19,2,1,1,18.4,11.7,87.5,37.5,1.4,23.6,96.135936571,92.201115217,23.2,49.6,41.7,23.6,31.9,0.22727272727272727
Palacios, Richie,680700,2022,25,123,26,20,6,0,0,16.3,7.3,85,26.9,1.1,21.5,95.27551,91.693951209,16.6,48.1,45.2,17.2,24.7,0.25742574257425743
Kwan, Steven,680757,2022,24,638,168,130,25,7,6,9.4,9.7,85.1,34.6,1.4,20.8,94.219058287,91.134248486,9,38.1,42.6,23.6,27.9,0.22803738317757008
Duran, Jarren,680776,2022,25,223,45,25,14,3,3,28.3,6.3,89.3,27.5,7.7,38,99.170221176,93.807350882,28.2,49.9,54.2,24.6,16.9,0.24087591240875914
Jeffers, Ryan,680777,2022,25,236,44,26,10,1,7,26.3,9.7,88.2,35.8,13.2,42.4,101.152073919,94.809587415,22.6,46.2,37.7,33.8,21.9,0.2549019607843137
Burdick, Peyton,680814,2022,25,102,19,11,4,0,4,34.3,7.8,90,35.1,10.5,38.6,100.275255357,94.431755179,33.6,52.6,31.6,33.3,22.8,0.2641509433962264
Miller, Owen,680911,2022,25,472,103,70,26,1,6,19.7,6.8,85.8,35,3.5,31.2,97.306117941,92.667096401,18.5,48,43.8,22.9,26.8,0.23268698060941828
Donovan, Brendan,680977,2022,25,468,110,83,21,1,5,15,12.8,87.7,32.7,3.4,37.7,98.14258882,93.299366978,15.6,38.1,54.3,19.1,24.4,0.24848484848484848
Stott, Bryson,681082,2022,24,466,100,69,19,2,10,19.1,7.7,88.1,29.4,4.4,36.8,97.97018994,93.096499761,17.2,45,46.5,23.5,21.2,0.2594752186588921
Bride, Jonah,681146,2022,26,187,33,28,4,0,1,17.1,10.2,86.9,31.8,1.5,31.1,96.774698182,92.509176031,17.1,35.9,46.2,21.2,26.5,0.1984732824427481
Carpenter, Kerry,681481,2022,24,113,26,15,4,1,6,28.3,5.3,87.2,37.5,11.1,36.1,97.789840556,92.926224583,27.8,52.5,40.3,30.6,22.2,0.25675675675675674
Villar, David,681584,2022,25,181,36,20,6,1,9,32,9.9,86.8,33.3,9.1,36.4,97.5144976,92.850052323,37.2,44.2,38.4,40.4,19.2,0.25263157894736843
Eaton, Nate,681987,2022,25,122,28,20,4,3,1,24.6,8.2,85.8,43.8,5,27.5,96.58405675,92.346357848,23.8,49.1,35,27.5,31.3,0.2631578947368421
Abrams, CJ,682928,2022,21,302,70,54,12,2,2,16.6,1.7,86.5,28.6,2.1,30.7,97.184953739,92.612726201,22.3,57,52.5,21,18.5,0.1940928270042194
Greene, Riley,682985,2022,21,418,95,68,18,4,5,28.7,8.6,89.5,32,9.3,45.2,102.14516814,95.266459961,25.6,45.3,56.8,19.3,22.4,0.29343629343629346
Carroll, Corbin,682998,2022,21,115,27,12,9,2,4,27,7,85.8,34.2,5.5,32.9,97.229943784,92.678458904,28.8,44.8,47.9,19.2,27.4,0.24285714285714285
Henderson, Gunnar,683002,2022,21,132,30,18,7,1,4,25.8,12.1,92.4,25.6,9.8,53.7,103.04003561,96.431520488,26.6,41.2,57.3,15.9,23.2,0.30864197530864196
Stefanic, Michael,683021,2022,26,69,12,10,2,0,0,17.4,7.2,84.8,28,2,22,93.49606,90.955379592,19.2,41.4,56,20,20,0.22
Vaughn, Andrew,683734,2022,24,555,138,92,28,1,17,17.3,5.6,90.8,34.1,7.9,48.6,101.162950291,95.12858284,21,47,48,22.2,25.1,0.26904761904761904
Pasquantino, Vinnie,686469,2022,24,298,76,56,10,0,10,11.4,11.7,91.2,34.1,8.8,46.9,101.197336607,95.08140192,15.3,46,40.7,25.2,29.2,0.2772727272727273
Massey, Michael,686681,2022,24,194,42,28,9,1,4,23.7,4.6,89.3,35.1,13,38.2,99.036690645,93.797110403,27.8,54.5,38.9,31.3,22.9,0.28
Grissom, Vaughn,687093,2022,21,156,41,30,6,0,5,21.8,7.1,84.6,35.2,7.4,34.3,97.006606667,92.504939352,25.6,51.9,44.4,24.1,27.8,0.3106796116504854
