last_name, first_name,player_id,year,pa,walk,k_percent,batting_avg,xba,exit_velocity_avg,sweet_spot_percent,barrel_batted_rate,hard_hit_percent,avg_best_speed,avg_hyper_speed,whiff_percent,swing_percent
Pujols, Albert,405395,2022,351,28,15.7,.270,.262,91.2,34.5,12,47.3,102.064436899,95.425491822,21.3,48.2
Cabrera, Miguel,408234,2022,433,28,23.3,.254,.234,89.9,35.2,4.7,38.2,99.360961867,93.99969786,27,50.2
Molina, Yadier,425877,2022,270,5,14.8,.214,.230,84.7,34.1,3.1,26,95.0195225,91.560423363,22,58.6
Canó, Robinson,429664,2022,104,4,24,.150,.209,88.2,29.3,4,41.3,100.261988108,94.247323243,24.9,56.8
Suzuki, Kurt,435559,2022,159,15,18.2,.180,.191,85.2,31,3.5,26.5,95.157941429,91.58600375,21.1,48.1
Cruz Jr., Nelson,443558,2022,507,49,23.5,.234,.241,90.9,28,9.3,46.1,102.29838061,95.468978262,32,50.8
Peralta, David,444482,2022,490,41,23.3,.251,.249,90.3,35,8.5,44.4,101.233296566,94.9223429,26.2,50.4
Escobar, Alcides,444876,2022,131,5,24.4,.218,.210,81.8,39.1,1.1,17.4,92.492630217,90.550370549,21.3,54.3
Longoria, Evan,446334,2022,298,27,27.9,.244,.233,91.1,33.3,12.4,46.8,101.592486559,95.291511667,29.4,44.4
Blackmon, Charlie,453568,2022,577,32,18.9,.264,.256,86.2,36.7,4.4,30.6,97.426435333,92.732128429,21.4,51.5
Maldonado, Martín,455117,2022,379,22,30.6,.186,.181,88.4,31.6,8.1,40.2,98.987733509,93.59831443,32.2,49.9
Chirinos, Robinson,455139,2022,220,19,30.5,.179,.168,84.8,30.8,6.9,33.1,97.472003281,92.774084488,33.3,50.3
Cain, Lorenzo,456715,2022,156,8,23.1,.179,.200,87.9,21.8,0,36.4,99.010785455,93.632816636,25.8,53
Solano, Donovan,456781,2022,304,19,20.1,.284,.268,88.3,36.1,5.9,41.2,98.956029815,93.601690602,20.9,49.5
McCutchen, Andrew,457705,2022,580,57,21.4,.237,.252,89.1,36.2,8.6,40,99.92693269,94.143160838,24.2,44.9
Upton, Justin,457708,2022,57,6,40.4,.125,.157,88.5,36,4,32,99.128878333,93.64988375,37.5,45.4
Turner, Justin,457759,2022,532,50,16.7,.278,.267,89.5,40.6,8,40.6,99.002545648,93.736858523,20.3,48.2
Votto, Joey,458015,2022,376,44,25.8,.205,.218,89.7,32.9,11.1,41.3,100.424827857,94.43276435,29.6,46.5
Andrus, Elvis,462101,2022,577,39,15.9,.249,.245,87.9,29.1,4.5,34.8,98.336003699,93.236647643,21.4,45.6
Santana, Carlos,467793,2022,506,71,17.4,.202,.253,90.7,31.6,9.3,44.9,100.993708488,94.851060233,21.3,42.6
Belt, Brandon,474832,2022,298,37,27.2,.213,.215,88.4,38.5,12.6,38.5,99.264489048,93.872087679,32.4,47.1
Lowrie, Jed,476704,2022,184,15,21.2,.180,.197,86.2,26.9,3.1,30.8,96.195900923,92.129717519,25.6,47.3
Brantley Jr., Michael,488726,2022,277,31,10.8,.288,.310,89.8,39.5,6,45.1,99.739801321,94.323002844,12.7,41.5
Castro, Jason,488771,2022,88,8,45.5,.115,.161,88.6,35.9,5.1,35.9,98.6215215,93.447724615,42.4,48
Gurriel, Yuli,493329,2022,584,30,12.5,.242,.240,88.2,30.3,1.9,35.6,98.291200127,93.270425297,14.3,48.5
Rojas, Miguel,500743,2022,507,26,12,.236,.264,86.1,33.1,1.9,27.1,96.249960631,92.126001845,15.5,47.9
Escobar, Eduardo,500871,2022,542,40,23.8,.240,.243,88.3,38.7,9.4,37.6,99.290072903,93.799689784,27.7,52.4
Adrianza, Ehire,501303,2022,110,11,22.7,.175,.222,84.6,30.1,1.4,21.9,94.938734722,91.55813831,22.2,44.8
Lagares, Juan,501571,2022,62,2,24.2,.183,.216,88.4,40,2.2,40,98.693379565,93.50569,27.6,52.7
Pham, Tommy,502054,2022,622,56,26.8,.236,.238,92.2,33.2,7.9,48.5,102.514437436,95.778101436,26,42
Martinez, J.D.,502110,2022,596,52,24.3,.274,.260,89.1,42,12.5,41.7,100.92394699,94.707836352,30.1,51.9
Goldschmidt, Paul,502671,2022,651,79,21.7,.317,.261,90.8,31.8,11.6,47.4,102.244608246,95.440152299,26.8,41.7
Gonzalez, Marwin,503556,2022,207,14,26.1,.185,.217,88,34.1,5.9,37.3,98.901115758,93.629768931,23.1,50
León, Sandy,506702,2022,86,13,31.4,.169,.187,84.3,39.1,0,26.1,94.152679545,91.268422093,25.2,38
Altuve, Jose,514888,2022,604,66,14.4,.300,.269,85.9,35.4,7.7,29.7,97.300246419,92.671072541,16.2,44.3
Hernández, César,514917,2022,617,45,18.5,.248,.248,84.8,33.3,2.4,29.7,96.449267051,92.257329931,20.4,47.5
Segura, Jean,516416,2022,387,25,15,.277,.254,87.6,28.3,4.4,38.4,99.507672313,93.804578639,18.5,48.8
Marte, Starling,516782,2022,505,26,19.2,.292,.276,86.8,38.5,6.8,33.9,99.153544837,93.595179373,24,49.8
Culberson, Charlie,518586,2022,124,5,25,.252,.226,85.3,28.4,1.1,27.3,95.647602143,91.889355952,30.5,59
d'Arnaud, Travis,518595,2022,426,19,21.1,.268,.247,88.5,35,8.5,38.9,99.567378882,93.920566898,26.9,52.8
Donaldson, Josh,518626,2022,546,54,27.1,.222,.215,90.7,34.8,9.8,43.3,100.977600417,94.867949761,33.2,47.3
Freeman, Freddie,518692,2022,708,84,14.4,.325,.313,91.3,42.9,9.9,47.8,100.761588016,95.094269494,19.5,49.3
Grandal, Yasmani,518735,2022,376,45,21,.202,.217,90,30,4.8,40,99.46926856,94.06261824,21.6,39.7
Heyward, Jason,518792,2022,151,11,21.2,.204,.218,87.6,26.7,4.8,38.1,99.795272642,93.960513048,27.8,48.4
LeMahieu, DJ,518934,2022,541,67,13.1,.261,.274,89.2,32.8,5.3,41.1,99.499628485,94.048075494,15.7,39.5
Moustakas, Mike,519058,2022,285,24,26.3,.214,.195,87.6,36.1,6.1,33.9,98.852222556,93.461727111,29.2,54.3
Rizzo, Anthony,519203,2022,548,58,18.4,.224,.239,89.4,34.2,10.9,41,99.618112951,94.120579288,22.8,46.1
Romine, Austin,519222,2022,136,4,33.8,.155,.159,87.2,22.4,4.7,33.3,98.519493659,93.285298415,33.5,53.9
Stanton, Giancarlo,519317,2022,452,50,30.3,.211,.240,95,26.9,19.3,52.3,107.816149318,98.594697985,36.5,43.1
Vogt, Stephen,519390,2022,191,17,24.1,.161,.211,87,38.9,7.9,27.8,96.256857778,92.21418128,27.1,46.5
Perez, Salvador,521692,2022,473,18,23,.254,.242,91.4,34.8,11.2,49,101.468749294,95.293979056,31.8,57.4
Flores, Wilmer,527038,2022,602,59,17.1,.229,.233,87.8,35.7,6.3,35.4,97.672013814,92.963528089,18.9,45.6
García, Avisaíl,541645,2022,380,17,28.7,.224,.230,88.7,27.6,6.4,44.8,101.460367339,95.003346734,36.7,59
Bethancourt, Christian,542194,2022,333,12,24,.252,.255,90.1,31.4,11.7,44.8,101.959454237,95.365619619,34.7,62.5
Ozuna, Marcell,542303,2022,507,31,24.1,.226,.253,89.4,31.8,13.1,43.8,101.775141886,95.035047714,28.7,49.4
Villar, Jonathan,542340,2022,220,15,26.8,.208,.208,89.6,24.7,2.7,40.4,100.671592429,94.551199137,34.9,51
Ortega, Rafael,542364,2022,371,44,19.9,.241,.241,87.2,37.6,4.8,33.7,97.447746423,92.750083049,19.3,45.4
Aguilar, Jesús,542583,2022,507,28,23.5,.235,.240,87.7,39.7,6.9,36,98.459753543,93.301003066,27,49.5
Berti, Jon,542932,2022,404,42,22,.240,.236,88,30.7,5.9,37,98.782159778,93.452015688,24.5,44.5
Crawford, Brandon,543063,2022,458,39,21.4,.231,.217,88.1,31,6.7,35.1,97.909462452,93.081156699,31.8,50.7
Cron, C.J.,543068,2022,632,43,25.9,.257,.243,88.7,36.8,10.8,42.3,101.410198894,94.867484771,24.3,47.7
Gomes, Yan,543228,2022,293,8,16,.235,.251,85.3,37.9,3.4,28.9,96.735466466,92.387642035,19.4,54.2
Grossman, Robbie,543257,2022,477,56,27,.209,.205,86.7,38.5,3.5,30.4,96.176090559,92.129787754,23.9,40.9
Harrison, Josh,543281,2022,425,21,16.7,.256,.233,87.4,32,3.8,32.3,96.783559748,92.431292303,21.5,54.7
Hicks, Aaron,543305,2022,453,62,24.1,.216,.218,87.9,25.2,5.8,33.1,98.078223577,93.127214322,25.8,41.1
Higashioka, Kyle,543309,2022,248,12,21,.227,.254,90.9,36.6,9.8,48.1,101.231678333,95.189627056,26.8,50.6
Hosmer, Eric,543333,2022,419,37,15.3,.268,.258,88.4,29.3,5.7,39.7,101.224912803,94.690963706,18.8,49
McCann, James,543510,2022,191,11,24.1,.195,.237,90.2,33.8,6.9,40.8,100.237659692,94.399973876,28.3,51.6
Miller, Brad,543543,2022,241,18,29,.212,.205,91.1,27.5,7.8,39.9,100.033437368,94.372039868,36.3,50.7
Nola, Austin,543592,2022,397,34,15.1,.251,.256,89.4,35.4,2.4,39.7,98.960360608,93.682414983,14.4,42.8
Rendon, Anthony,543685,2022,193,23,18.1,.229,.241,89.6,42.1,8.3,37.6,99.082562576,93.890380153,19.6,42.3
Semien, Marcus,543760,2022,724,53,16.6,.248,.243,87.3,32.4,6.8,34.9,97.838624343,93.00847117,20.6,47.2
Springer III, George,543807,2022,583,54,17.2,.267,.265,88.7,31.8,8.4,42.3,101.320507081,94.768491799,28.2,50.9
Strange-Gordon, Dee,543829,2022,59,0,13.6,.305,.220,84.4,25.5,0,17.6,92.76007,90.491009184,16.4,59.2
Vázquez, Christian,543877,2022,426,22,16.2,.274,.262,87.9,36.1,5.1,36.4,97.833724337,92.999999849,17.2,49.2
Wong, Kolten,543939,2022,497,46,17.7,.251,.235,87,33.5,5.4,35.5,97.674374503,92.864768387,20.2,43.1
Gregorius, Didi,544369,2022,232,13,15.5,.210,.237,84.5,33.3,2.8,22.8,94.452718539,91.340268249,24,60.5
Garcia, Leury,544725,2022,315,7,20.6,.210,.233,87,30,4.2,35.6,97.781782479,92.939701197,24.4,56.4
Vargas, Ildemaro,545121,2022,222,8,10.4,.263,.227,87,28.2,2.1,29.3,96.943626739,92.531312459,11.6,47.7
Grichuk, Randal,545341,2022,538,24,23.6,.259,.229,90,27.3,6.8,43.6,101.601495926,95.066145714,24.7,50.6
Marisnick, Jake,545350,2022,82,4,29.3,.234,.226,88.4,33.3,7.4,42.6,101.038234583,94.796227234,30.7,57.6
Stassi, Max,545358,2022,375,38,29.9,.180,.180,88.6,26,9.4,39.5,98.972653514,93.67534181,34,44.1
Trout, Mike,545361,2022,499,54,27.9,.283,.265,91.6,37.7,19.7,51,104.135929733,96.5588815,30.2,43.4
Herrera, Odúbel,546318,2022,197,11,21.3,.238,.225,86.9,24.3,4.9,37.5,99.933778143,94.012093741,24,52.6
Almora Jr., Albert,546991,2022,235,17,19.6,.223,.233,84,29.8,1.8,25.4,95.828660964,91.938692242,23.6,51.5
Harper, Bryce,547180,2022,426,46,20.4,.286,.288,92.1,37.2,12.8,47.9,102.954593636,96.099964685,28.2,56.2
Pérez, Roberto,547379,2022,69,9,36.2,.233,.212,89.3,42.9,11.4,51.4,101.789615556,95.453621714,36.6,39.9
Abreu, José,547989,2022,679,62,16.2,.304,.296,92.2,34.5,9.5,51.8,102.953606518,96.20270568,23.2,47.3
Díaz, Elias,553869,2022,381,25,21.5,.228,.222,88.4,28.3,5.9,39.3,100.058292985,94.204058315,22.7,51.8
Narváez, Omar,553882,2022,296,29,19.3,.206,.207,84.7,36.7,2.4,18.4,94.078356176,91.054216305,23.4,50
Astudillo, Willians,553902,2022,55,1,5.5,.241,.265,83,27.5,0,21.6,95.272520769,91.848511961,17.2,66
Suárez, Eugenio,553993,2022,629,73,31.2,.236,.220,89.8,36.4,14.8,43.5,100.691818466,94.681885812,33.1,41.8
Urshela, Gio,570482,2022,551,41,17.4,.285,.268,88.9,38.6,7,37.6,99.120552402,93.736875907,21.4,53.1
Schoop, Jonathan,570731,2022,510,19,21,.202,.228,87,29.1,4.8,38.6,99.967628556,93.993791257,28.2,55.5
Arenado, Nolan,571448,2022,620,52,11.6,.293,.266,88.8,35.4,8.2,38.9,99.558566721,93.952810862,19.1,48.4
Barnhart, Tucker,571466,2022,308,25,24,.221,.201,84.5,30.3,1.9,26,95.275826176,91.655968177,22.5,46.2
Farmer, Kyle,571657,2022,583,33,17,.255,.258,85.5,37.7,4.4,33.8,97.050252093,92.534027326,19.2,50.3
Haniger, Mitch,571745,2022,247,20,26.3,.246,.242,91.9,31.1,11.8,47.2,101.996690741,95.72188441,29.6,45.5
Hernández, Enrique,571771,2022,402,34,17.7,.222,.238,87.8,33.3,5.8,35,98.797690959,93.474506164,24.6,47.7
Lamb, Jake,571875,2022,111,11,34.2,.216,.215,91.5,35.6,11.9,44.1,100.710084667,94.859118475,31.1,43.3
Maile, Luke,571912,2022,206,19,26.2,.221,.194,84.5,33.8,5.4,25.4,95.943675231,91.987641385,27.6,44.9
Muncy, Max,571970,2022,565,90,25,.196,.208,90.3,34.3,13.4,45.6,100.488456196,94.680756043,26.1,38.6
Myers, Wil,571976,2022,286,21,30.1,.261,.225,88.5,37.6,7.3,37.6,98.804888523,93.5431,31.2,45.3
Naquin, Tyler,571980,2022,334,19,27.8,.229,.247,90.3,39.9,9.6,40.8,100.892608302,94.925001896,30.5,58
Owings, Chris,572008,2022,68,10,35.3,.107,.145,80.4,24.2,3,15.2,93.847479375,91.246089355,38.4,42.9
Piscotty, Stephen,572039,2022,139,9,34.5,.190,.216,90.4,42.5,6.3,46.3,99.744957,94.282117,41.6,55.1
Pollock, AJ,572041,2022,527,32,18.6,.245,.258,88.8,32.9,9.4,42,100.414319188,94.34853632,24.7,53.6
Taylor, Michael A.,572191,2022,456,35,23.9,.254,.223,86.3,33.5,6.8,32.9,98.005175695,93.019305249,29.1,51.5
Thompson, Trayce,572204,2022,255,32,36.5,.256,.251,92.2,45.3,16.4,46.9,103.303449063,96.133570313,37.8,43.9
Voit III, Luke,572228,2022,568,55,31.5,.226,.222,89.8,34.6,14.7,44.3,101.411871585,94.98573844,37.6,52
Walker, Christian,572233,2022,667,69,19.6,.242,.257,90,33.3,11.5,44,101.466371179,95.00141326,24.6,44.7
Zunino, Mike,572287,2022,123,6,37.4,.148,.182,91.8,34.3,8.6,41.4,101.818613429,95.463730286,40.2,51
Carpenter, Matt,572761,2022,154,19,22.7,.305,.230,89.8,41.1,13.7,42.1,99.672980435,94.162418352,23.7,41.4
Dickerson, Corey,572816,2022,297,12,16.2,.267,.264,87.8,32.8,3.8,32.8,97.888667863,93.019717253,22.8,58.4
Ruf, Darin,573131,2022,388,45,27.1,.204,.219,89.2,34.5,8.6,40.5,100.481181724,94.46914931,27.5,40.4
Yastrzemski, Mike,573262,2022,558,61,25.3,.214,.220,89.9,36.2,11.1,42.5,99.830966069,94.251098237,22.5,42.9
Contreras, Willson,575929,2022,487,45,21.1,.243,.256,90.4,30.2,10.5,48.6,103.238284065,96.034015696,30.9,50.6
Iglesias, Jose,578428,2022,467,17,12,.292,.266,83.8,30.6,0.5,27.7,95.592199372,91.820181257,13.2,51.9
Bryant, Kris,592178,2022,181,17,14.9,.306,.279,85,31.9,6.7,29.6,96.85815,92.461882963,21.5,47.4
Canha, Mark,592192,2022,542,48,17.9,.266,.245,87.7,32.2,4.9,36.6,98.317698315,93.261380654,22.1,42.9
Casali, Curt,592200,2022,176,24,28.4,.203,.189,87.1,35,6,39,98.0141006,93.131572828,27.1,47.6
Castellanos, Nick,592206,2022,558,29,23.3,.263,.250,87.5,36.9,6.6,35.1,98.393032843,93.293370431,32.2,57
Drury, Brandon,592273,2022,568,38,22.2,.263,.242,89.1,34.8,10.4,42.2,100.586892132,94.438998321,21.5,45.9
Gamel, Ben,592325,2022,423,48,23.2,.232,.244,88.8,38,6.2,37.6,99.298905,93.815298881,23.8,43.1
Judge, Aaron,592450,2022,696,111,25.1,.311,.305,95.9,39,26.5,61.8,107.110072714,99.053359221,29.8,42.7
Machado, Manny,592518,2022,644,63,20.7,.298,.264,91.5,36.7,9.8,49,102.622706786,95.790495526,24.9,50.8
Moran, Colin,592567,2022,128,16,23.4,.211,.233,90.4,30.5,8.5,39,99.499238293,94.098082593,27.7,49.8
Pederson, Joc,592626,2022,433,42,23.1,.274,.266,93.2,34.2,15.1,52.1,103.347393857,96.58467276,24.4,46.1
Realmuto, J.T.,592663,2022,562,41,21.2,.276,.275,90.3,35.6,11.3,47.2,101.252893641,95.157569177,25.7,49
Renfroe, Hunter,592669,2022,522,39,23.2,.255,.240,90.5,32.7,10.9,43.6,101.645981292,95.173188394,27,47.8
Rosario, Eddie,592696,2022,270,17,25.2,.212,.200,87.7,32.4,5.4,33,97.161292527,92.836894341,31.9,53.5
Simmons, Andrelton,592743,2022,85,7,15.3,.173,.158,81.4,20,0,10.8,90.980371333,89.957394833,17.8,49
Yelich, Christian,592885,2022,671,88,24.1,.252,.258,91.5,30.3,8.2,48.6,102.984892126,96.020852446,25,43.2
Merrifield, Whit,593160,2022,550,38,15.5,.250,.240,87.1,37.9,4.2,31.1,96.383459857,92.27510481,19.4,50.9
Bogaerts, Xander,593428,2022,631,57,18.7,.307,.259,88.1,30.3,6.5,39.5,99.97943964,94.08380455,24.8,45.7
Alberto, Hanser,593643,2022,159,3,15.7,.244,.216,82.9,30.5,1.5,18.3,93.791635156,91.008477165,25.5,61.6
Polanco, Jorge,593871,2022,445,64,21.3,.235,.248,89,37.7,10.2,38.7,99.924839571,94.156301183,25.6,42.4
Sanó, Miguel,593934,2022,71,9,35.2,.083,.167,93.9,30.6,13.9,52.8,102.693380556,96.171660278,37.2,39.6
Calhoun, Kole,594777,2022,424,27,32.1,.196,.223,90.8,40.4,9.8,48.2,100.862031797,94.921499922,36.3,53.1
Duvall, Adam,594807,2022,315,21,32.1,.213,.209,88.3,36.2,12.8,41,100.566076596,94.3357175,29.2,50.5
Gosselin, Phil,594838,2022,77,2,31.2,.149,.177,86.4,30,2,36,96.7428284,92.3714142,27.1,46.5
Kiermaier, Kevin,595281,2022,221,14,27.6,.228,.250,87.9,33.8,6.9,38.6,98.886186164,93.570432966,31.9,51.7
Alfaro, Jorge,595751,2022,274,11,35.8,.246,.238,89.4,38.5,11.2,38.5,102.020939625,95.196380755,38,62.6
Profar, Jurickson,595777,2022,658,73,15.7,.243,.251,87.5,34.7,4,34.3,97.859468559,92.98708518,18.7,43.6
Báez, Javier,595879,2022,590,26,24.9,.238,.226,87.9,29.7,8,38,99.689131182,93.890376232,35.8,55.8
Cave, Jake,595909,2022,177,11,27.7,.213,.213,90.7,38.5,10.3,42.7,99.526718814,94.448232906,35,50.7
Hedges, Austin,595978,2022,338,25,23.1,.163,.180,84.2,31.9,3.1,22.3,94.912102385,91.52196977,27.1,47.6
Lindor, Francisco,596019,2022,706,59,18.8,.270,.254,89.3,29.2,8.3,41.3,99.740565418,94.14308743,22.9,47.8
Odor, Rougned,596059,2022,472,32,23.1,.207,.207,87.8,30.5,6.5,33.3,98.233676795,93.245734647,27.3,50.6
Slater, Austin,596103,2022,325,40,27.4,.264,.259,89,43.2,10.5,39.5,99.908713548,94.170847514,31.2,45.2
Story, Trevor,596115,2022,396,32,30.8,.238,.221,88.9,36,11.3,40.6,100.613635333,94.400984812,30.8,49.8
Stubbs, Garrett,596117,2022,121,14,24.8,.264,.207,85.2,33.8,5.2,27.3,96.098752571,92.112040145,21.2,39.2
Vogelbach, Daniel,596129,2022,461,73,24.7,.238,.236,89.4,38.1,10.6,39.9,99.817658603,94.085066691,20.4,32.2
Sánchez, Gary,596142,2022,471,40,28.9,.205,.220,90.5,29.2,13.5,49.3,103.200555347,96.181078537,30.8,44
Kepler, Max,596146,2022,446,49,14.8,.227,.266,89.1,31.9,7.1,39.9,100.09058546,94.217393221,19.9,46.1
Quinn, Roman,596451,2022,87,7,41.4,.215,.188,91.3,30.2,4.7,41.9,101.843556842,95.652174595,34.6,46.7
Franco, Maikel,596748,2022,388,12,19.3,.229,.243,87,33.1,4.7,34.4,98.818458378,93.432468176,28,53.6
Choi, Ji Man,596847,2022,419,58,29.4,.233,.236,92.2,37.3,11.9,47.5,101.295507712,95.335577574,32.3,41.7
Bradley Jr., Jackie,598265,2022,370,24,20.8,.203,.223,87.6,29.4,4.8,37.2,98.071881353,93.116593208,29.4,49.7
La Stella, Tommy,600303,2022,195,11,15.4,.239,.232,87.9,37.3,2,32,97.045650909,92.615035294,16.7,40.7
Candelario, Jeimer,600869,2022,467,28,23.3,.217,.228,87.2,37,8.3,34.6,98.352499379,93.27808162,25.4,52.6
Daza, Yonathan,602074,2022,408,26,14.2,.301,.282,84.8,34.1,1.9,25,95.180250189,91.627182587,18.7,50.5
Urías, Ramón,602104,2022,445,30,22,.248,.250,89.4,32.1,9.6,46.5,100.690244675,94.67897342,27.4,49.8
Ahmed, Nick,605113,2022,54,2,27.8,.231,.191,86.9,32.4,5.4,32.4,96.865202778,92.508848611,24.1,51.2
Anderson, Brian,605119,2022,383,37,26.4,.222,.229,88.7,31.1,9.7,42,100.372461008,94.372032152,30.3,50.7
Barnes, Austin,605131,2022,212,27,17.5,.212,.210,87.4,31,4.8,35.2,98.048094085,93.029970704,17.6,42.1
Bell, Josh,605137,2022,647,81,15.8,.266,.273,88.9,30.7,7.2,40.8,100.551357456,94.511584791,21.7,45.3
Betts, Mookie,605141,2022,639,55,16.3,.269,.254,90.5,36.2,9.7,44.9,99.954466043,94.497072751,16.5,44.2
Caratini, Victor,605170,2022,314,31,21.3,.199,.233,89.4,30,6.3,43.5,100.649286408,94.496842039,20.9,42.3
Davis, J.D.,605204,2022,365,39,33.4,.248,.242,92.4,34.8,16.2,56.1,103.966730202,96.76614,37.4,51.3
Garcia, Aramis,605244,2022,115,3,29.6,.213,.212,87.5,35.5,2.6,36.8,98.567163784,93.291404595,30.8,52.1
Machín, Vimael,605353,2022,253,25,18.6,.220,.243,89.3,36.3,3.9,39.1,98.588009667,93.53259419,17.9,44.7
Pérez, Michael,605421,2022,132,10,24.2,.149,.205,88.8,35.6,7.8,36.7,98.192780667,93.304814719,28.4,44.3
Zimmer, Bradley,605548,2022,117,5,38.5,.124,.138,87,21.3,11.5,34.4,99.040262143,93.699233818,37.4,51.7
Castro, Harold,605612,2022,443,17,17.8,.271,.275,87,41.6,6.1,33.3,97.109259586,92.622759201,19.8,53.7
Arcia, Orlando,606115,2022,234,21,21.8,.244,.253,90.7,30,7.5,42.5,100.210780633,94.636873734,27.3,44.7
Tapia, Raimel,606132,2022,433,16,18.7,.265,.256,87.6,27.5,5.1,38,99.701438303,93.926071212,21.5,55.4
Aquino, Aristides,606157,2022,276,17,36.6,.197,.180,85.6,27.2,8.2,34.6,99.168037143,93.584018571,37.9,56.6
Hernández, Teoscar,606192,2022,535,34,28.4,.267,.265,92.6,36.3,15,53.3,103.420419483,96.496717867,35.1,48.8
Mercedes, Yermín,606213,2022,83,9,20.5,.233,.253,87.5,42.9,7.1,28.6,97.540917857,92.781276429,22.7,49.9
Marte, Ketel,606466,2022,558,55,18.1,.240,.251,90.1,31.6,6.1,41.9,101.202754619,94.845027056,20.7,46.1
Haase, Eric,606992,2022,351,24,27.6,.254,.239,87.7,32.3,8.7,42.4,100.507001491,94.311526476,32.8,51.4
Hager, Jake,606993,2022,59,8,28.8,.240,.165,80.8,32.4,5.9,17.6,94.036659333,91.089237667,29.5,46.9
Nimmo, Brandon,607043,2022,673,71,17.2,.274,.256,89.4,28.1,7,39.8,100.251301732,94.354698482,19.6,43.8
Peterson, Jace,607054,2022,328,33,25.9,.236,.231,88.6,33.7,7.2,36.1,98.360158137,93.264631576,26.7,40.9
Turner, Trea,607208,2022,708,45,18.5,.298,.276,88.9,35.3,7.6,41.6,100.188198893,94.238854962,26.3,51.2
Stallings, Jacob,607732,2022,384,29,21.6,.223,.221,86.7,33.5,3.4,32.3,96.725527727,92.385356023,22.7,43.7
Ramírez, José,608070,2022,685,69,12,.280,.255,87.7,33.7,6.6,36.9,98.871944811,93.503434175,15.1,46.3
Bregman, Alex,608324,2022,656,87,11.7,.259,.257,88.9,36.2,7.3,37.8,98.378645333,93.364139021,14.9,40.3
Gallo, Joey,608336,2022,410,56,39.8,.160,.167,89.6,29.3,17.6,50.5,103.219150538,95.983145645,40.6,47.4
Kelly, Carson,608348,2022,354,29,20.1,.211,.225,87.7,33.2,5.2,36.8,98.3885,93.265690161,21.1,43.6
Seager, Corey,608369,2022,663,58,15.5,.245,.283,91.1,38.4,10.5,45.5,101.598305628,95.219542252,26.5,54.5
Winker, Jesse,608385,2022,547,84,18.8,.219,.249,87.7,32,7.6,34.3,98.674499266,93.339254492,19.9,43.3
Mazara, Nomar,608577,2022,171,10,23.4,.264,.250,86.1,35.3,4.2,32.8,97.016111333,92.550589748,26.8,46.5
Jankowski, Travis,608671,2022,64,8,15.6,.164,.198,80.5,22.2,0,22.2,92.702330952,90.908144524,9.9,39.1
Mayfield, Jack,608686,2022,74,3,23,.186,.187,84.5,24.5,1.9,24.5,93.707298519,91.084710943,24.4,48.2
Plawecki, Kevin,608700,2022,186,14,17.2,.220,.228,89.3,28.3,0,37.7,99.158922794,93.839090221,19.9,46.7
Refsnyder, Rob,608701,2022,177,15,26,.307,.286,89.9,49.1,10.9,44.5,100.556991091,94.660920727,24.8,42.5
Reynolds, Matt,608703,2022,272,26,28.7,.246,.215,90.2,36.5,3,42.4,99.450327831,94.04816097,29.2,41.5
Meneses, Joey,608841,2022,240,15,21.7,.324,.267,91.4,39,9.9,47.1,101.552249535,95.227615673,23.3,48.4
Mondesi, Adalberto,609275,2022,54,4,37,.140,.166,88,16.7,3.3,26.7,97.560296923,92.799797692,43.1,50.7
Andujar, Miguel,609280,2022,140,5,19.3,.235,.253,84.4,34.3,3.7,31.5,97.706368148,92.953611028,23.4,51.9
Vosler, Jason,613564,2022,111,10,26.1,.265,.244,84.7,41.4,4.3,25.7,96.156387143,92.284307101,25.9,47
Cordero, Franchy,614173,2022,275,28,33.5,.219,.228,89.7,39,12.3,45.5,103.480728533,95.902442667,37.1,48.9
Reyes, Franmil,614177,2022,473,30,33.2,.221,.203,92,27.8,11.3,45.8,102.075082606,95.415814488,37.1,47.8
Torrens, Luis,620443,2022,166,12,30.1,.225,.236,90.3,34,4.9,46.6,99.276666863,94.392982059,26.7,47
Swanson, Dansby,621020,2022,696,49,26.1,.277,.257,90.2,37,10.8,46.3,100.839209567,94.810341952,30.7,49.4
Newman, Kevin,621028,2022,309,16,15.5,.274,.260,85.8,31.7,1.6,27.2,96.298301429,92.167220464,15.6,48.1
Taylor, Chris,621035,2022,454,44,35.2,.221,.195,87.4,40.8,10.2,38,98.711167025,93.447132946,39.9,49.9
Correa, Carlos,621043,2022,590,61,20.5,.291,.276,89.9,35.3,11.4,44.7,101.992873251,95.284200765,22,44.4
Phillips, Brett,621433,2022,225,16,41.8,.144,.156,88.5,32.1,4.5,29.5,97.432571887,92.851488396,38.2,44.5
Taylor, Tyrone,621438,2022,405,22,25.2,.233,.236,88,34.7,9.9,37.6,99.154219632,93.742033346,26.5,50.9
Buxton, Byron,621439,2022,382,34,30.4,.224,.242,92.9,34.2,16.4,50.2,103.777473894,96.593327289,34.1,46.8
Bolt, Skye,621450,2022,116,7,25.9,.198,.198,89.2,29.9,5.2,35.1,98.380471053,93.373823467,28.5,47.2
Duggar, Steven,621453,2022,80,7,51.2,.153,.144,92.9,34.4,6.3,46.9,101.723999375,95.580566563,42.2,44.8
Rios, Edwin,621458,2022,92,5,39.1,.244,.225,88.5,46,14,40,99.4546952,93.782557,34.9,50.4
Ward, Taylor,621493,2022,564,60,21.3,.281,.268,90,41.8,12.4,42.9,100.184571947,94.439550026,22.2,41.4
Nido, Tomás,621512,2022,313,14,24.3,.239,.238,86.3,40.1,6.3,33.3,97.78503301,92.921847902,34.4,60.5
Bemboom, Anthony,621532,2022,59,6,28.8,.115,.182,90.1,30.6,5.6,36.1,99.029268824,94.197804545,24.3,43.9
Wisdom, Patrick,621550,2022,534,53,34.3,.207,.188,90.7,29.8,14.2,46.3,102.164032394,95.695873993,36.4,48.1
Wendle, Joey,621563,2022,371,15,13.5,.259,.250,87.5,27.9,1.7,36.2,98.002213624,93.083673569,16.7,53.2
Olson, Matt,621566,2022,699,75,24.3,.240,.248,92.9,33.8,13.6,50.9,103.665099911,96.545680491,28.9,49.5
Duffy, Matt,622110,2022,247,17,20.2,.250,.234,87.1,38.8,2.8,25.8,96.07908618,92.086828814,21.8,45.7
Muñoz, Yairo,622168,2022,60,3,16.7,.211,.226,85,14.9,4.3,36.2,97.975921667,93.119471277,25.2,59.1
Walton, Donovan,622268,2022,78,1,20.5,.158,.191,86.1,33.3,5,31.7,96.609348667,92.307646667,17.2,52.7
Margot, Manuel,622534,2022,363,24,18.7,.274,.264,89.5,30.9,3.7,37.9,99.958428538,94.191039654,24.7,52.7
Camargo, Johan,622666,2022,166,13,22.3,.237,.225,86.4,37.1,2.6,27.6,96.285072982,92.157890439,24.9,48.7
Reyes, Victor,622682,2022,336,13,22.9,.254,.261,87.9,35.5,5,36.8,98.899174333,93.571189707,27.1,56
Mateo, Jorge,622761,2022,533,27,27.6,.221,.222,86.8,35.5,6,32.7,98.63578407,93.337279593,30.9,53.9
Heineman, Tyler,623168,2022,174,8,9.8,.217,.248,82.7,34,0,13.2,92.651305672,90.496265038,15.3,55.3
Velazquez, Andrew,623205,2022,349,15,34.1,.196,.202,88,33,6.6,34,98.780373093,93.494339433,34,53.9
Bote, David,623520,2022,127,6,35.4,.259,.229,92.4,34.7,6.9,55.6,102.8376175,96.457184366,33.5,44.7
Ramírez, Harold,623912,2022,435,19,16.6,.300,.275,88.5,32.2,4.8,41.2,101.050881737,94.664812126,25.5,56.4
Santander, Anthony,623993,2022,647,55,18.9,.240,.257,90.1,33.5,11.6,43.3,101.330998114,94.979132939,21.5,47.7
Alonso, Pete,624413,2022,685,67,18.7,.271,.262,89.8,34.5,12.3,44.8,102.849215397,95.616516548,24.2,49.9
Arroyo, Christian,624414,2022,300,13,16.3,.286,.292,88.9,34.9,6.4,42.1,100.637264188,94.490642232,20.5,57.5
Biggio, Cavan,624415,2022,303,38,28.1,.202,.193,88.3,36.2,6.9,32.8,97.288596395,92.82033538,25.9,40.3
Frazier, Adam,624428,2022,602,46,12.1,.238,.262,85.1,37.7,1.5,24.5,95.048135872,91.524067936,14.4,48.7
Trevino, Jose,624431,2022,353,15,17.6,.248,.239,87.9,31,5.1,35,98.396823259,93.244987844,21.1,50
Gordon, Nick,624503,2022,443,19,23.7,.272,.261,90.6,36.6,9.4,44.7,99.949105229,94.408223268,27.8,59.4
McGuire, Reese,624512,2022,274,12,20.4,.269,.233,87,33.2,2.5,29.7,96.374747396,92.217287539,20.8,51.7
Soler, Jorge,624585,2022,306,31,29.4,.207,.226,91.2,33.1,12.2,43.6,103.631341,96.127923222,31.5,46
Sosa, Edmundo,624641,2022,190,5,26.3,.227,.240,86.8,34.4,5.5,29.7,97.432853438,92.759540157,31.4,57.1
Heredia, Guillermo,628338,2022,82,6,39,.158,.160,86,38.6,11.4,31.8,97.683478636,92.851456136,35.8,54.8
Hernandez, Yadiel,628450,2022,327,19,22.6,.269,.247,88.8,35.6,8.6,42.1,98.936412348,93.716495522,29.5,51.5
Ibáñez, Andy,628451,2022,128,9,16.4,.218,.214,88.3,29.6,6.1,39.8,98.365345102,93.325839694,19.4,46.7
Cronenworth, Jake,630105,2022,684,70,19.2,.239,.221,87.6,32.3,5.6,34.1,97.917362826,93.091918039,18,41.8
Meadows, Austin,640457,2022,147,16,11.6,.250,.308,87.8,34.2,6.3,39.6,99.928750727,94.100384273,13.2,41
Mercado, Óscar,640458,2022,128,5,22.7,.207,.203,86.3,33.3,6.5,29,96.400118085,92.245220968,26.6,56.7
Pinder, Chad,640461,2022,379,14,31.1,.235,.235,87.5,33.3,6.5,40.7,100.06829876,94.061727355,34.5,52.9
Azocar, José,640492,2022,216,12,20.4,.257,.241,88.3,31.3,2.5,30.6,97.407050789,92.782399276,24.1,55.7
Anderson, Tim,641313,2022,351,14,15.7,.301,.297,88.2,37.5,5.8,41.2,98.957560507,93.5528044,23.2,57.9
Bellinger, Cody,641355,2022,550,38,27.3,.210,.213,89.4,34.4,8.3,38.1,98.149983833,93.243694234,27.2,49.9
Calhoun, Willie,641432,2022,62,9,12.9,.135,.215,89.4,22.7,2.3,38.6,99.757001364,94.052842093,14,36.9
Collins, Zack,641470,2022,108,9,38,.155,.181,91,35.1,8.8,40.4,99.471708621,94.050769123,36.5,41.3
Crawford, J.P.,641487,2022,603,68,13.3,.243,.255,85.1,32.4,2,29.7,96.663647706,92.35483867,14.3,41.3
Davis, Jonathan,641505,2022,91,14,28.6,.224,.218,84.6,33.3,0,21.6,95.4263956,91.7385968,25,41.5
Delay, Jason,641511,2022,167,9,29.9,.213,.200,84.9,31.1,1.9,28.3,95.000275094,91.571062286,31.2,54.5
Demeritte, Travis,641513,2022,96,6,33.3,.213,.211,88.8,34.5,6.9,37.9,100.223234828,94.186779655,38.2,43.3
Dozier, Hunter,641531,2022,500,34,25,.236,.241,88.5,33.1,7.7,38.5,99.977574226,94.108179224,29.2,50.6
Engel, Adam,641553,2022,260,11,29.2,.224,.219,87.9,30.8,1.8,33.1,98.589188571,93.376579521,33.6,47.4
Fraley, Jake,641584,2022,247,26,21.9,.259,.248,85.1,33.5,7.3,27.6,96.829050864,92.417868519,24.1,45.9
Garver, Mitch,641598,2022,215,23,24.7,.207,.222,88.9,37.2,8.8,38.7,99.517286232,93.963293942,25.3,42.3
Guillorme, Luis,641645,2022,335,34,13.7,.273,.255,86.2,35.6,2.4,24.9,95.53920878,91.784068496,13.3,40.6
Hampson, Garrett,641658,2022,226,21,27.9,.211,.202,86.5,29.8,4.3,27.7,96.783443077,92.495778992,25.4,44.4
Heim, Jonah,641680,2022,450,41,19.3,.227,.224,89.3,29.6,6.9,39.9,99.379567107,93.916796887,21.4,50.8
Hermosillo, Michael,641684,2022,73,7,37,.115,.169,86.6,37.1,8.6,31.4,97.961854118,92.983560882,44,50.7
Leblanc, Charles,641779,2022,169,12,31.4,.263,.218,87.3,36.9,8.7,32,98.569849412,93.395520588,25.5,44.3
Lewis, Kyle,641786,2022,62,5,30.6,.143,.206,89.9,24.3,10.8,32.4,99.820208889,93.910104444,39.2,47.5
Mancini III, Trey,641820,2022,587,53,23,.239,.245,89.5,39.6,9.8,40.4,100.078586134,94.256654381,27.4,48.1
McKinney, Billy,641856,2022,57,4,28.1,.096,.155,83.8,29.7,5.4,21.6,94.801226111,91.441268889,27.8,42.2
McMahon, Ryan,641857,2022,597,60,26.5,.246,.247,91.7,36.4,10.4,46.5,102.094383676,95.689199432,28.2,45.2
Neuse, Sheldon,641914,2022,293,20,27.3,.214,.212,89.1,23,3.1,38.2,98.983222447,93.674738289,27.2,50.7
O'Neill, Tyler,641933,2022,383,38,26.9,.228,.237,89.8,36.6,11.3,43.3,101.028153782,94.805530169,30.9,46.3
Robinson, Chuckie,642020,2022,60,0,28.3,.136,.227,86.2,23.3,9.3,30.2,97.52340381,92.76556,25.4,59.5
Smith, Dominic,642086,2022,152,12,24.3,.194,.219,89.6,28.3,7.1,46.5,99.660695,94.216232222,26,45.4
Tellez, Rowdy,642133,2022,599,62,20.2,.219,.252,91.1,31.4,12.9,46,102.553838927,95.690567213,23.8,43.5
Thaiss, Matt,642136,2022,81,11,29.6,.217,.212,88.5,21.7,6.5,37,98.469698696,93.243073043,34.2,46.9
VanMeter, Josh,642165,2022,192,19,23.4,.187,.224,88.1,37.5,4.7,33.6,97.489094531,92.863354961,20.1,36.4
Wade, Tyler,642180,2022,163,10,20.2,.218,.212,83.9,37,1.7,16,93.738133673,91.012158454,18.9,47.1
White, Eli,642201,2022,117,11,35,.200,.183,86.4,30.8,4.6,29.2,97.840377143,92.922132679,39.6,46.6
Mejía, Francisco,642336,2022,299,7,21.7,.242,.242,86.8,39.1,2.7,28,96.324122655,92.181366356,23.4,61.2
Siri, Jose,642350,2022,325,20,33.2,.213,.207,87.2,35.1,6.2,33,99.295575789,93.653804368,35.9,51.7
Sierra, Magneuris,642423,2022,96,4,26,.165,.197,82.2,22.4,0,16.4,94.478225,91.413321017,24.2,54.9
Barrera, Luis,642456,2022,85,6,20,.234,.208,87.1,32.8,3.3,32.8,96.470882,92.307228136,19.6,48.4
Rosario, Amed,642708,2022,670,25,16.6,.283,.276,88.4,31.1,4.5,38.3,99.690201132,93.991990529,21,53.1
Adames, Willy,642715,2022,617,49,26.9,.238,.238,88.9,36.4,13,43.6,100.099002736,94.300793591,28.2,49.6
Alcántara, Sergio,642727,2022,224,12,25.4,.220,.209,86.6,32.5,1.9,32.5,95.873264737,91.967081987,23.8,42.8
Estrada, Thairo,642731,2022,541,33,16.5,.260,.246,86.2,31.6,4.4,31.1,97.092146345,92.54814231,19.7,49.2
Wynns, Austin,642851,2022,177,10,21.5,.259,.223,84.1,31.7,4,27,96.162621587,92.1438544,22.9,43.5
Benintendi, Andrew,643217,2022,521,52,14.8,.304,.273,89.2,39.2,5.1,38.7,98.21078057,93.391636347,20.7,48.2
Cooper, Garrett,643265,2022,469,40,25.4,.261,.260,89.6,39,10.7,43.7,101.295185,94.99247689,25.1,45.2
Dubón, Mauricio,643289,2022,265,13,11.3,.214,.240,84.7,28.1,2.3,29.9,96.436572294,92.243366359,15.2,55.6
Jansen, Danny,643376,2022,248,25,17.7,.260,.261,90.4,34.7,13.1,46.6,101.172294886,95.039463314,21.8,45.3
Kemp, Tony,643393,2022,558,45,12.4,.235,.219,84.4,33.9,1.6,14.9,93.050155144,90.545713639,13.1,48.9
Kiner-Falefa, Isiah,643396,2022,531,35,13.6,.261,.262,86.2,29.6,1.2,30.1,96.614692718,92.355143236,11.2,44.7
McNeil, Jeff,643446,2022,589,40,10.4,.326,.280,86.9,39,2.7,30.2,96.275278692,92.172015654,15.9,53.8
Schwindel, Frank,643524,2022,292,19,19.9,.229,.230,88.1,31.6,4.7,35.5,98.512789626,93.354396573,26.5,54.7
Chang, Yu,644374,2022,190,16,31.1,.208,.213,88.8,35.1,9,36.9,99.67517875,93.930700901,29.3,47.5
Albies, Ozzie,645277,2022,269,16,17.5,.247,.236,87.1,34.8,5.4,26.5,96.497792157,92.315202794,22.9,58.2
Robles, Victor,645302,2022,407,17,25.6,.224,.203,84.6,29.2,3.2,23.8,96.221152581,92.171514939,27.2,53.8
Herrera, Jose,645444,2022,124,9,27.4,.189,.152,84.7,23.5,0,11.1,92.613748158,90.421960667,23.5,42.1
Ford, Mike,645801,2022,149,17,26.8,.206,.210,88.7,37.4,3.3,33,99.098360652,93.698905055,21.9,35.2
Devers, Rafael,646240,2022,614,50,18.6,.295,.282,93.1,33.1,11.5,50.9,103.784239231,96.704402472,28.1,54.6
Naylor, Josh,647304,2022,498,38,16.1,.256,.257,89.4,28.9,8.6,42.8,101.054916237,94.744173602,19.5,51
Toro, Abraham,647351,2022,352,22,18.5,.185,.226,87,31.2,6.8,29.7,97.172547348,92.624451255,21.6,47.3
Díaz, Aledmys,649557,2022,327,18,16.2,.243,.261,86.6,30.3,6.3,36.8,99.127629206,93.589932143,22.7,52.4
Urías, Luis,649966,2022,472,50,21,.239,.238,87.3,34.3,8.3,35.3,97.964867677,93.080449903,22.2,43.2
Díaz, Lewin,650331,2022,174,11,31,.169,.167,88.3,29.6,5.6,28.7,97.258491481,92.70251037,27.2,46.2
Arraez, Luis,650333,2022,603,50,7.1,.316,.288,88.9,38.7,3.6,30.2,96.195004348,92.276757036,7.1,42.9
Palacios, Jermaine,650339,2022,77,4,35.1,.143,.191,87.5,34.8,6.5,39.1,98.38676913,93.33343,35,58.4
Jiménez, Eloy,650391,2022,327,28,22,.295,.266,92.8,31.7,14.7,54.9,103.54562625,96.686543438,30.3,49.8
Torres, Gleyber,650402,2022,572,39,22.6,.257,.244,90.4,36.2,10.7,45.3,100.5348042,94.660057845,27.1,49.6
Castro, Willi,650489,2022,392,15,20.9,.241,.257,84.8,35.5,3.5,31.4,97.165751549,92.663004452,28.4,58.2
Díaz, Yandy,650490,2022,558,78,10.8,.296,.288,92.2,30.7,4.8,49,103.107838195,96.208559878,14.3,41.3
De La Cruz, Bryan,650559,2022,355,19,25.4,.252,.287,90.8,43.6,11.9,47.3,101.407773607,95.226009918,28.7,49.2
Viloria, Meibrys,650619,2022,75,11,38.7,.159,.142,88.4,31.4,8.6,37.1,97.597577222,93.017521143,38.5,37.5
Rengifo, Luis,650859,2022,511,17,15.5,.264,.254,86.9,31.1,5.4,33.6,98.09743639,93.096324743,21.5,55.7
Pinto, René,650907,2022,83,2,42.2,.212,.187,89.1,20,4.4,42.2,100.210100435,94.321997111,36.8,56
Adams, Riley,656180,2022,155,12,29.7,.176,.197,90.2,25,9.4,45.8,101.327463958,94.837029368,30.1,45.6
Allen, Greg,656185,2022,134,10,31.3,.186,.176,87.6,25,2.5,32.5,97.13406027,92.677602568,30.2,46.1
Bouchard, Sean,656248,2022,97,21,25.8,.297,.244,89.8,44,2,40,100.2424568,94.5028188,27.8,37.8
Chapman, Matt,656305,2022,621,68,27.4,.229,.234,92.2,34,12.9,51.2,102.906606237,96.223630699,28.7,41.7
Chavis, Michael,656308,2022,426,19,29.6,.229,.217,85.4,33,7.5,38.7,99.520768345,93.803336787,30.8,57.7
Fairchild, Stuart,656413,2022,110,8,30.9,.247,.221,88.9,31.7,9.5,41.3,99.364164194,93.906276721,35.8,48.2
Garrett, Stone,656448,2022,84,3,32.1,.276,.198,92.9,28,10,52,101.2777156,95.5788512,35,56.7
Hill, Derek,656537,2022,92,5,30.4,.229,.193,85.2,33.9,3.4,30.5,97.503475769,92.844909216,30.8,50.9
Hilliard, Sam,656541,2022,200,23,28.5,.184,.216,92,27.7,9.2,48.7,102.616565833,95.872595546,34.8,43.9
Hoskins, Rhys,656555,2022,672,72,25.1,.246,.239,90.1,37.3,11.1,44.3,100.842284953,94.804616643,25.7,41.9
Joe, Connor,656582,2022,467,55,20.8,.238,.241,85.3,35.1,4.5,33.8,97.624297516,92.833330754,21.2,40.4
Luplow, Jordan,656669,2022,234,25,25.6,.176,.198,87.2,24,7.5,32.9,97.877095068,92.98903131,29.9,47.9
Matijevic, J.J.,656695,2022,71,2,35.2,.209,.213,88.8,33.3,2.4,42.9,99.865977143,94.197589762,36.6,51.8
McKinstry, Zach,656716,2022,185,16,28.1,.199,.229,86.4,41.4,4.3,30.2,96.760488421,92.451668761,21.1,46.6
Mullins II, Cedric,656775,2022,672,47,18.8,.258,.232,88.8,29.3,4.9,37.3,98.895231356,93.569582691,22.2,51.3
O'Hearn, Ryan,656811,2022,145,8,24.1,.239,.274,92.1,38,7,48,102.062682041,95.76288949,24.1,49.4
Rivera, Emmanuel,656896,2022,359,23,23.1,.233,.238,90.4,32.3,9.3,38.3,99.960196371,94.242469274,25.8,50.1
Schwarber, Kyle,656941,2022,669,86,29.9,.218,.237,93.3,35.4,20.1,54.4,104.793857287,97.247555372,29,40.6
Smith, Pavin,656976,2022,277,28,24.2,.220,.216,87.9,28.7,9.9,35.9,98.397917802,93.251592099,21.7,39.5
Thomas, Lane,657041,2022,548,41,24.1,.241,.222,86.4,32.6,6.5,34.5,98.449522283,93.255458474,21.1,44.1
Tucker, Cole,657061,2022,63,0,39.7,.175,.183,82.4,39.5,7.9,23.7,94.314187368,91.434396579,28.1,46
Verdugo, Alex,657077,2022,644,42,13.4,.280,.278,89.1,37.8,6,38.2,99.112574241,93.706486823,15.5,45.3
Wong, Connor,657136,2022,56,5,28.6,.188,.180,89.8,20.6,11.8,32.4,99.758804706,94.271729091,30.6,48.9
DeJong, Paul,657557,2022,237,21,33.3,.157,.182,87.6,25.6,9.8,37.6,99.542111493,93.858530902,35.2,48.8
Laureano, Ramón,657656,2022,383,25,27.2,.211,.219,88.7,28.9,11.6,38.4,100.041538347,94.16358876,30.3,46.4
Papierski, Michael,657709,2022,103,10,25.2,.143,.171,77.4,28.4,0,9,88.340397273,89.381348308,19.1,43.5
Sheets, Gavin,657757,2022,410,27,21,.241,.224,88.6,32.3,6.5,36.1,98.93534363,93.559241787,21.9,47.7
Olivares, Edward,658668,2022,174,10,20.7,.286,.288,89.2,34.9,6.3,38.9,99.966220794,94.23725184,24.9,51.2
Moncada, Yoán,660162,2022,433,32,26.3,.212,.220,88.7,35.1,9.8,37.5,99.519949858,93.912687082,27.8,47.1
Ohtani, Shohei,660271,2022,666,72,24.2,.273,.275,92.9,35,16.8,49.8,103.823624272,96.520363788,28.1,49.3
Tsutsugo, Yoshi,660294,2022,193,19,25.9,.171,.197,88.8,32.3,5.6,36.3,98.366657419,93.35715629,21.9,44
Castillo, Diego A.,660636,2022,283,14,26.5,.206,.224,89.1,37.7,9.9,38.7,98.736440729,93.490571675,26.7,43.7
Bruján, Vidal,660644,2022,162,12,22.8,.163,.186,86.1,30.4,2.7,27.7,96.400896071,92.213595893,20.7,50.5
Garcia, Dérmis,660650,2022,125,8,44,.207,.167,86.5,27.9,13.1,42.6,100.773491613,94.52853623,44.5,51.2
Acuña Jr., Ronald,660670,2022,533,53,23.6,.266,.272,91.2,32.8,12.8,49.7,103.759318129,96.440064282,24.9,47.9
Ruiz, Keibert,660688,2022,433,30,11.5,.251,.277,88,36.3,3.7,32.3,97.283247895,92.718755058,14.9,50.9
Montero, Elehuris,660707,2022,185,8,32.4,.233,.213,89.8,34.5,8.6,39.7,100.524698276,94.381819741,35.5,52.2
Gonzalez, Oscar,660757,2022,382,15,19.6,.296,.279,88.6,32.5,7.3,40.1,101.045260903,94.682138153,26.7,59.3
Yepez, Juan,660766,2022,274,16,22.3,.253,.216,86.5,33.2,9.2,33.7,98.66909102,93.337373827,26.1,54.5
Sánchez, Jesús,660821,2022,343,26,26.8,.214,.222,89.5,25.7,9.9,40.5,101.710457117,95.181364706,29.6,47.8
Park, Hoy,660829,2022,60,4,25,.216,.208,85.1,20,10,25,96.311552105,92.268094324,20.7,38.8
Contreras, William,661388,2022,376,39,27.7,.278,.243,90.4,31.9,13.4,46.6,102.334962328,95.58762026,34.3,44.6
Serven, Brian,661531,2022,205,13,21.5,.203,.212,84.5,32.9,2.7,29.5,96.245205139,92.177853427,27.2,54.5
Varsho, Daulton,662139,2022,592,46,24.5,.235,.213,87.7,33.6,10.2,35.6,99.211725904,93.6867316,25.2,50.6
Nootbaar, Lars,663457,2022,347,51,20.5,.228,.247,91.7,30.4,12.1,46,101.790400273,95.340542192,23.5,39.2
Nevin, Tyler,663527,2022,184,20,25,.197,.214,87.3,34.2,3.5,37.7,98.356865263,93.376842655,26.8,45.6
Hoerner, Nico,663538,2022,517,28,11,.281,.270,87.2,32.4,2.6,33.5,97.678971875,92.920531108,14.2,49.2
Riley, Austin,663586,2022,693,57,24.2,.273,.271,92.5,37.7,15.7,50.8,104.398300222,96.785171533,27.6,51.5
Madrigal, Nick,663611,2022,228,14,11.8,.249,.256,85.9,26.6,0,24.6,94.969870795,91.48588483,10.3,44.5
Larnach, Trevor,663616,2022,180,18,31.7,.231,.227,90.1,36.2,11.4,43.8,101.431611321,95.113861143,40.2,41.6
Mountcastle, Ryan,663624,2022,609,43,25.3,.250,.277,91.3,39.5,15,46.3,101.941494208,95.335163391,29.8,56.2
McKenna, Ryan,663630,2022,172,11,32,.237,.210,86.7,37.5,9.6,30.1,97.3643112,92.729450101,35,52.6
Hayes, Ke'Bryan,663647,2022,560,48,21.8,.244,.246,91,30.6,3.9,46.8,102.263213822,95.477046745,20.7,43.3
Tucker, Kyle,663656,2022,609,59,15.6,.257,.262,90,34.4,10.2,42.4,100.332560357,94.468288036,19.9,52.7
Cameron, Daz,663662,2022,70,5,28.6,.219,.223,90.4,43.2,9.1,43.2,100.319888182,94.301869318,30.7,47.7
India, Jonathan,663697,2022,431,31,21.8,.249,.238,85.1,36,4.8,28.8,97.40599669,92.71951917,23.6,41.3
Bart, Joey,663698,2022,291,26,38.5,.215,.210,87.3,32.2,10.1,43,101.289725342,94.721199726,38,47.2
Raleigh, Cal,663728,2022,415,38,29.4,.211,.216,90.9,36,15.4,43.5,101.200073622,95.046335375,32.1,52.6
Fortes, Nick,663743,2022,240,18,18.8,.230,.249,89.3,30.2,7,37.8,99.460571882,93.908283529,22.9,44.7
Grisham, Trent,663757,2022,524,57,28.6,.184,.205,88.3,25.5,8.1,35.5,99.46593125,93.84436934,26.2,38.7
Vierling, Matt,663837,2022,357,23,19.6,.246,.275,91.2,35.2,5,47.1,101.211212846,94.995167231,19.5,44.6
Rivas III, Alfonso,663845,2022,287,29,30.3,.235,.222,86.9,34.7,4.2,35.3,98.449898395,93.317647826,26.2,42
Gonzalez, Romy,663853,2022,109,2,35.8,.238,.228,91.2,29.9,9,49.3,102.563254242,95.828662308,37.9,53.7
Stephenson, Tyler,663886,2022,183,12,25.7,.319,.260,87.1,46.3,6.6,34.7,97.521469508,92.827161901,27,43.6
Williams, Luke,663897,2022,136,9,32.4,.236,.198,83.3,36.1,3.6,22.9,94.44903675,91.478494625,29.9,50.7
Rodgers, Brendan,663898,2022,581,46,17.4,.266,.265,90,31.3,7.2,45.9,101.127645047,94.882864603,22.7,49.4
Lowe, Nathaniel,663993,2022,645,48,22.8,.302,.275,90.2,34.1,9.9,44.8,101.963916216,95.317229707,24.9,52.2
Happ, Ian,664023,2022,641,58,23.2,.271,.239,89.7,29.2,6.5,40.4,100.312408396,94.405566288,27.2,49
Mathias, Mark,664029,2022,91,9,33,.247,.214,90.2,34.6,11.5,46.2,99.592462692,93.998095769,34.6,39.4
France, Ty,664034,2022,613,35,15.3,.274,.262,87.6,34.8,5.4,36.8,99.035163319,93.565264683,19.3,52.5
Lowe, Brandon,664040,2022,266,27,22.9,.221,.237,89.4,35.4,10.3,38.9,99.918656897,94.284977069,33.5,53.3
Bader, Harrison,664056,2022,313,15,19.8,.250,.230,83.4,28.4,3.4,26.3,96.180596034,92.143730991,22.1,48
Fletcher, David,664058,2022,228,7,7,.255,.285,82.1,41.1,0,7.4,91.09124866,89.628919691,12.2,48.4
Haggerty, Sam,664059,2022,201,18,26.4,.256,.230,86,32.5,4,24.6,96.38917,92.207266333,27.9,49.3
Moore, Dylan,664238,2022,255,34,29.4,.224,.202,87.2,39.4,12.9,36.4,98.982847692,93.508799615,27.6,38.7
Garlick, Kyle,664247,2022,162,8,29.6,.233,.227,90.2,36.9,9.7,47.6,101.399865577,95.232580777,35.2,48.7
Lopez, Alejo,664670,2022,156,9,13.5,.262,.249,83.8,37.9,0.8,20.2,94.42221,91.277312397,16.3,50.6
Straw, Myles,664702,2022,596,54,14.6,.221,.236,87,34.1,0.7,26.5,95.486124533,91.784236481,12.6,40.5
Isbel, Kyle,664728,2022,278,16,27,.211,.220,89.7,30.4,4.9,44.6,100.466422667,94.564799889,21.9,46.3
Higgins, P.J.,664731,2022,229,22,25.3,.229,.205,86,34.7,3.4,25.5,95.709141571,91.886405683,27.3,43.1
Bohm, Alec,664761,2022,631,31,17.4,.280,.290,90.2,37.7,6.8,43,100.649873374,94.552579815,21.1,51.2
Wade Jr., LaMonte,664774,2022,251,26,20.3,.207,.218,87.7,33.7,9.5,34.3,98.05927131,93.112804491,17.8,44.8
Mazeika, Patrick,664850,2022,72,2,12.5,.191,.188,84.5,29.5,3.3,18,93.467468276,90.797627414,14.9,49.6
Zavala, Seby,664874,2022,205,19,31.2,.270,.207,88.8,41.2,9.2,37,98.11221069,93.374340172,37.6,53.5
Mendick, Danny,664901,2022,106,7,21.7,.289,.229,86.8,38.7,4,20,95.653647838,91.91142,25.3,42.2
Brown, Seth,664913,2022,555,51,26.3,.230,.251,89.2,34.9,13,41.4,101.723429266,95.001222068,29.6,48.3
McCarthy, Jake,664983,2022,354,23,21.5,.283,.249,87.4,32.5,4.8,33.7,98.235931513,93.298753151,27.4,53.1
Clemens, Kody,665019,2022,127,8,26,.145,.196,89.4,26.7,5.8,37.2,98.286138605,93.203562907,27.4,53
Walsh, Jared,665120,2022,454,27,30.4,.215,.221,90.1,34,9.5,42.5,100.931193759,94.894355638,27.6,49.1
Maton, Nick,665155,2022,85,10,34.1,.250,.217,86.6,37.8,6.7,31.1,96.703721364,92.378948864,35.4,48.8
Peña, Jeremy,665161,2022,558,22,24.2,.253,.248,88.1,32.9,9.7,36.7,99.803563646,93.99255276,29.7,55.2
Celestino, Gilberto,665482,2022,347,32,22.2,.238,.219,87.3,27.1,2.5,34.3,98.33701431,93.262711767,23.4,44.5
Guerrero Jr., Vladimir,665489,2022,706,58,16.4,.274,.281,92.8,27.9,11.2,50.4,105.507038582,97.328619789,24.4,49.7
Pache, Cristian,665506,2022,260,15,26.9,.166,.228,89.4,25.3,3.4,40.8,100.207713059,94.45821355,30.2,50.5
Soto, Juan,665742,2022,664,135,14.5,.242,.266,91,28.5,12.4,47.4,102.236934112,95.653888852,19.2,35.5
Taveras, Leody,665750,2022,341,21,25.8,.261,.226,89.3,28.7,4.3,36.1,99.307027387,93.803918054,28.1,49.2
Cabrera, Oswaldo,665828,2022,171,15,25.7,.247,.220,86.8,41.1,6.3,34.8,97.586874909,92.793437455,26.9,52.4
Cruz, Oneil,665833,2022,361,28,34.9,.233,.219,91.9,30.6,15.5,46.1,104.662067282,96.683239073,35.4,40.5
Chisholm Jr., Jazz,665862,2022,241,21,27.4,.254,.242,90.4,37.3,16.7,46.7,100.669336216,94.818931905,32.1,47.2
Giménez, Andrés,665926,2022,557,34,20.1,.297,.257,87.8,31.3,6.2,37.8,99.022592,93.615976351,26.2,53.7
Aranda, Jonathan,666018,2022,87,8,26.4,.192,.205,91.1,29.1,7.3,45.5,100.631155185,94.661134074,22.4,44
Jones, Nolan,666134,2022,94,8,33,.244,.254,89.3,49.1,14.5,49.1,101.65603963,95.263844815,29.9,43.6
Kirilloff, Alex,666135,2022,156,5,23.1,.250,.228,89.3,28.2,6.4,45.5,99.634929455,94.165907909,20.1,50.3
Lowe, Josh,666139,2022,198,15,33.3,.221,.212,88.3,47.4,5.2,37.1,98.497331034,93.392541391,32.6,46.2
Lux, Gavin,666158,2022,471,47,20.2,.276,.247,88,34,6.1,39.8,98.887037439,93.675126098,23.3,42.6
Moniak, Mickey,666160,2022,112,4,39.3,.170,.158,84.9,22.2,7.9,31.7,98.719537419,93.466598689,37.9,58.3
Adell, Jo,666176,2022,285,11,37.5,.224,.201,87.4,33.3,9.9,37.7,99.589186914,93.836446584,36.2,51.9
Beer, Seth,666179,2022,126,11,24.6,.189,.215,85.9,33.3,3.7,29.6,97.17208925,92.66727557,28.7,47.5
Benson, Will,666181,2022,61,3,31.1,.182,.181,84.2,18.9,0,27,96.206221667,92.304290833,30.6,42.8
Bichette, Bo,666182,2022,697,41,22.2,.290,.278,91.9,33.3,9.6,50.3,102.743171296,96.003278846,23,55.9
Carlson, Dylan,666185,2022,488,45,19.3,.236,.234,86.1,35.7,4.4,27.2,96.293953036,92.150882262,25.6,46.2
Trammell, Taylor,666211,2022,117,13,28.2,.196,.206,88.3,29.6,9.9,28.2,97.776181429,92.975271014,33.7,47.7
Encarnación, Jerar,666464,2022,81,3,39.5,.182,.184,90.5,30.4,6.5,41.3,100.049450435,94.552698043,42.7,54.6
Morel, Christopher,666624,2022,425,38,32.2,.235,.229,89.6,30,13.4,40.3,101.819951356,95.086096314,38.3,50.1
Castro, Rodolfo,666801,2022,277,22,26.7,.233,.210,87.3,25.6,6.7,35,99.31755,93.717343409,32.6,47.5
Dalbec, Bobby,666915,2022,353,29,33.4,.215,.216,90.3,32,11.8,45.8,101.246531881,94.95935203,35,46.5
García, Adolis,666969,2022,657,40,27.9,.250,.244,92.1,36.9,12.9,47.4,102.368780141,95.786867388,33.5,53.5
Gurriel Jr., Lourdes,666971,2022,493,31,16.8,.291,.273,90.6,34.7,3.8,45.7,100.376795914,94.662022446,21.3,48.7
Arozarena, Randy,668227,2022,645,46,24.2,.263,.234,89.9,28.2,7.9,41,101.17822,94.772195116,28.6,46.1
Pratto, Nick,668472,2022,182,19,36.3,.184,.173,86,34.4,12.5,36.5,98.384692128,93.208049043,34.4,45.5
Barrera, Tres,668663,2022,53,2,30.2,.180,.167,81.8,31.4,0,14.3,91.985822941,90.149646176,24,53.6
Bleday, JJ,668709,2022,238,30,28.2,.167,.190,86.3,37.4,8.6,33.8,97.363228429,92.749834317,27.9,46.7
Steer, Spencer,668715,2022,108,11,24.1,.211,.209,84.7,30.4,5.8,31.9,96.403368857,92.284970435,21.2,41.8
Baddoo, Akil,668731,2022,225,24,28.4,.204,.192,85,29.9,3.6,27,96.42330597,92.211959254,28.1,47.1
Mitchell, Cal,668751,2022,232,18,22.4,.226,.238,89.9,34,4.9,40.7,99.042591235,93.818245342,26.6,50.5
Knizner, Andrew,668800,2022,293,26,21.2,.215,.219,86,28.6,3.5,33.2,97.694226667,92.856279899,22.7,48.8
Reynolds, Bryan,668804,2022,614,56,23,.262,.249,90.2,35.5,7.9,42.9,100.882578564,94.722792556,27.7,50.4
Capel, Conner,668843,2022,59,5,16.9,.308,.282,87.6,34.1,6.8,31.8,97.990665455,93.173799773,24.8,45
Rutschman, Adley,668939,2022,470,65,18.3,.254,.248,87.9,35.6,7.9,36.8,99.028130823,93.60531527,17.9,40.5
Rojas, Josh,668942,2022,510,55,19.2,.269,.239,88.8,33.5,4.5,36.1,98.050444128,93.265048338,22.2,41
Kreidler, Ryan,668952,2022,84,6,26.2,.178,.211,88.2,34.5,7.3,32.7,96.201781111,92.261975094,27.6,49.2
Mitchell, Garrett,669003,2022,68,6,41.2,.311,.187,92.9,41.2,11.8,41.2,100.828725882,95.111031515,31.5,48.7
Melendez Jr., MJ,669004,2022,534,66,24.5,.217,.237,90.7,31,10.4,43.5,100.595888323,94.716383713,27.8,44.6
Marsh, Brandon,669016,2022,461,28,34.3,.245,.226,89.2,40.8,7.4,38.2,99.629003534,94.108601774,29.1,47.9
Stowers, Kyle,669065,2022,98,5,29.6,.253,.266,91.1,38.7,11.3,50,102.094287742,95.636152581,32.8,55.4
Huff, Sam,669087,2022,132,11,31.8,.240,.226,88.9,35.4,10.1,36.7,99.99883625,94.152076329,39,53.3
Langeliers, Shea,669127,2022,153,9,34.6,.218,.197,87.3,42.9,9.9,38.5,99.086486739,93.605224725,42.7,54.2
Campusano, Luis,669134,2022,50,1,22,.250,.230,87.7,26.3,5.3,36.8,99.761276842,93.942856579,31.7,62.7
Murphy, Sean,669221,2022,612,56,20.3,.250,.255,88.7,34.7,10.5,41.4,101.085158756,94.706891435,24,49.3
Senzel, Nick,669222,2022,420,30,18.1,.231,.249,87.2,35,3.3,33.9,97.72590723,92.94147061,21.8,47.7
Edman, Tommy,669242,2022,630,46,17.6,.265,.258,88.6,31.6,6.2,37.8,98.931648319,93.598664536,20.6,47
Solak, Nick,669256,2022,95,7,20,.207,.242,86.7,28.1,7.8,34.4,98.943208065,93.471604032,23.8,42.3
Smith, Will,669257,2022,578,56,16.6,.260,.257,89.9,36.8,10.3,43,99.764565096,94.188464255,19.3,42.6
Suwinski, Jack,669261,2022,372,41,30.6,.202,.204,88.3,26.3,12.2,40.4,100.221227453,94.334188302,30.5,43.2
Espinal, Santiago,669289,2022,491,36,13.8,.267,.263,86.1,33.8,3.4,31.7,96.814213298,92.407779843,15.5,46.1
Miranda, Jose,669304,2022,483,28,18.8,.268,.253,89.3,34.2,6.2,42.4,99.818973051,94.236161898,24.3,51.5
Thompson, Bubba,669352,2022,181,7,30.9,.265,.171,84.8,21.6,1.7,21.6,95.6266222,91.8214983,31.6,58.7
Gorman, Nolan,669357,2022,313,28,32.9,.226,.239,89.2,46.7,14.4,43.3,100.703871333,94.563796111,34.5,51.1
Hiura, Keston,669374,2022,266,23,41.7,.226,.205,91.7,41.1,15.3,45.2,103.00306629,95.913755285,40.1,49
Burger, Jake,669394,2022,183,10,30.6,.250,.225,90.7,33.3,14.9,43,102.65301125,95.597171532,35.4,53.8
Allen, Nick,669397,2022,326,19,19.6,.207,.210,83.9,26,1.2,22.3,94.329041897,91.214480087,22.7,53
Hummel, Cooper,669450,2022,201,23,31.8,.176,.210,87.6,30.1,7.1,35.4,99.536416429,93.823074324,27.5,40.9
Smith, Josh,669701,2022,253,28,19.8,.197,.224,87,34.5,2.4,28.6,96.124871098,92.093542209,23.4,41.1
Hays, Austin,669720,2022,582,34,19.6,.250,.240,87.7,32.3,5.2,37.7,98.997922429,93.543165976,23.5,51
Hall, Darick,669742,2022,142,5,31,.250,.232,91.4,37,17.4,44.6,101.637107174,95.146168043,33.7,52.5
Call, Alex,669743,2022,131,15,22.9,.237,.212,86.3,29.8,1.2,31,96.200864048,92.155563976,24.8,44.6
Toglia, Michael,669911,2022,120,9,36.7,.216,.218,87.4,32.8,7.5,40.3,99.722920588,94.057525373,33.8,47.7
Lopez, Nicky,670032,2022,480,29,13.1,.227,.243,84.9,31.3,1.6,22.9,94.94043827,91.479636504,17.3,49.1
Raley, Luke,670042,2022,72,7,33.3,.197,.177,90.1,31.6,13.2,39.5,100.628204737,94.641931351,39.9,50.7
Wallner, Matt,670242,2022,65,6,38.5,.228,.175,87.5,21.9,9.4,53.1,102.52181,95.903495313,38.1,44
Stevenson, Cal,670276,2022,71,8,32.4,.167,.208,87.6,32.5,5,32.5,97.164706842,92.732142895,26.3,38.8
Rojas, Jose,670351,2022,57,0,33.3,.125,.167,84.8,21.6,2.7,32.4,96.317041667,92.241079444,26,57.5
Alvarez, Yordan,670541,2022,561,78,18.9,.306,.329,95.2,40.7,21,59.8,105.676985081,98.195923324,23.4,42.7
Paredes, Isaac,670623,2022,381,44,17.6,.205,.210,87.4,27.4,6.4,38.7,98.355538496,93.255665472,16.5,39.8
Brosseau, Mike,670712,2022,160,14,30,.255,.213,89.1,34.4,8.6,41.9,98.509374894,93.686113441,31.1,46.9
Walls, Taylor,670764,2022,466,52,25.8,.172,.196,86.3,32.6,6.2,28.5,96.121545455,92.072558077,25.4,43
González, Luis,670768,2022,350,30,21.4,.251,.215,86.9,27,2.9,32,97.698676404,92.886404298,22.7,47.2
Friedl Jr., TJ,670770,2022,258,20,15.5,.240,.215,87.2,30.9,4.7,29.8,97.321634111,92.6816085,19.9,43.5
Soto, Livan,670869,2022,59,2,22,.400,.279,83.8,40.9,0,15.9,92.851194286,90.623598049,16.8,50.7
Kennedy, Buddy,671083,2022,94,8,24.5,.217,.196,88.6,38.7,1.6,32.3,96.315206452,92.208401452,21.5,41
Casas, Triston,671213,2022,95,19,24.2,.197,.193,86,28.3,7.5,41.5,99.403010741,93.836791698,26.3,37.9
Waters, Drew,671221,2022,109,12,36.7,.240,.198,84.1,41.1,12.5,28.6,96.323792143,92.407147857,32.4,47.1
García, Luis,671277,2022,377,11,22.3,.275,.260,87.3,37.4,7.5,36.7,98.963627429,93.569820789,27,53.5
Freeman, Tyler,671289,2022,86,4,12.8,.247,.229,85.9,28.4,1.5,26.9,96.960101818,92.566031846,18.5,50.7
Harris II, Michael,671739,2022,441,21,24.3,.297,.268,89.5,32.8,10.1,45.1,102.581692941,95.614748459,28.1,52.4
Kelenic, Jarred,672284,2022,181,16,33.7,.141,.174,86,27.2,13.6,35,99.0507575,93.58765835,33.3,48.5
Arias, Gabriel,672356,2022,57,8,28.1,.191,.197,88.8,18.8,6.3,34.4,100.516843333,94.398779,36.1,42
Kirk, Alejandro,672386,2022,541,63,10.7,.285,.278,90.5,32,6.7,45.4,101.053304663,94.989537614,15.4,41
Diaz, Jordan,672478,2022,51,2,13.7,.265,.208,86.9,26.2,0,31,96.129837619,92.068414524,20.4,63.6
Moreno, Gabriel,672515,2022,73,4,11,.319,.274,89.2,29.5,3.3,32.8,97.748776129,93.009237869,19.7,47.9
Perdomo, Geraldo,672695,2022,500,50,20.6,.195,.213,85,28.1,2,25.1,95.305189236,91.661910605,18.3,41.3
Peraza, Oswald,672724,2022,57,6,15.8,.306,.276,81.6,25,5,30,95.3083725,92.10581375,17.7,49.4
Marcano, Tucupita,672779,2022,177,10,24.9,.206,.172,84.7,30.3,1.6,17.2,94.100557069,91.080698696,20.6,46.1
Robert Jr., Luis,673357,2022,401,17,19.2,.284,.272,89.3,32.6,8.9,42.8,101.454212895,94.809771678,27.1,61.5
Kim, Ha-Seong,673490,2022,582,51,17.2,.251,.250,86.7,34,4.2,32.4,97.647567656,92.869312734,19.1,43.3
Suzuki, Seiya,673548,2022,446,42,24.7,.262,.247,89.6,36.9,11,41.3,100.244268881,94.350662098,22.8,39
Jung, Josh,673962,2022,102,4,38.2,.204,.225,85.5,40.7,10.2,32.2,98.305209333,93.279324746,30.8,47
Smith, Kevin,675656,2022,151,7,27.8,.180,.186,87,32.4,7.8,33.3,98.087369388,93.05239898,30.1,53
Velázquez, Nelson,676369,2022,206,19,31.6,.205,.209,89.2,35,13.3,43.6,100.265489661,94.367476923,36.2,47.4
Clement, Ernie,676391,2022,179,11,14.5,.184,.240,85,27.1,3.6,25.7,94.798252206,91.426475368,16,49.6
Burleson, Alec,676475,2022,53,5,17,.188,.251,91.7,35.9,10.3,48.7,100.518393158,95.136274211,24.7,51.1
Barrero, Jose,676480,2022,174,9,43.7,.152,.140,87.5,33.7,2.2,35.2,98.193362727,93.242532414,38.5,57.4
Contreras, Mark,676628,2022,61,1,34.4,.121,.204,94.9,28.9,31.6,57.9,104.284496316,97.133628947,31.9,62.7
Madris, Bligh,676632,2022,123,10,25.2,.177,.211,88.9,30.5,4.9,41.5,99.381132683,94.178952099,26.8,46.3
Meyers, Jake,676694,2022,160,7,33.8,.227,.205,87.3,30.9,5.2,37.1,98.54444,93.291333191,31.2,47.4
Trejo, Alan,676701,2022,125,5,24.8,.271,.242,86.2,37.9,4.6,31.4,96.419990698,92.215872674,25,52.6
McCormick, Chas,676801,2022,407,46,26,.245,.232,88.1,33.5,10.2,39,98.903106371,93.652024395,32.2,48.4
MacKinnon, David,676950,2022,57,6,29.8,.140,.208,85,26.5,2.9,20.6,95.337789412,91.668894706,24.1,44.4
Franco, Wander,677551,2022,344,26,9.6,.277,.285,87.3,35.1,4.6,35.8,98.428767413,93.287600772,13.3,51.3
Rodríguez, Julio,677594,2022,560,40,25.9,.284,.254,92,32.7,13.1,50.7,103.718795769,96.379006446,30.4,50.2
Duran, Ezequiel,677649,2022,220,12,24.5,.236,.216,85.9,24.7,4.5,31.8,97.9242875,93.124773224,28.9,55.7
Thomas, Alek,677950,2022,411,22,18,.231,.238,87.4,27.9,3.8,34.6,98.660118182,93.330771656,25,49.2
Witt Jr., Bobby,677951,2022,632,30,21.4,.254,.252,89.7,32.5,8.7,38.6,100.836506783,94.527115512,25.2,51.8
Groshans, Jordan,677954,2022,65,4,20,.262,.234,87.1,37.5,2.1,37.5,98.61393375,93.529322917,17.9,44.5
Vargas, Miguel,678246,2022,50,2,26,.170,.203,89.7,25.7,8.6,40,98.538499444,93.609804857,24.3,51
Torkelson, Spencer,679529,2022,404,37,24.5,.203,.223,90.5,35.4,8.4,41.8,100.743731756,94.657766412,25.6,45.9
Vavra, Terrin,679631,2022,103,12,18.4,.258,.268,87.5,37.5,1.4,23.6,96.135936571,92.201115217,23.2,49.6
Palacios, Richie,680700,2022,123,9,16.3,.232,.244,85,26.9,1.1,21.5,95.27551,91.693951209,16.6,48.1
Kwan, Steven,680757,2022,638,62,9.4,.298,.268,85.1,34.6,1.4,20.8,94.219058287,91.134248486,9,38.1
Duran, Jarren,680776,2022,223,14,28.3,.221,.219,89.3,27.5,7.7,38,99.170221176,93.807350882,28.2,49.9
Jeffers, Ryan,680777,2022,236,23,26.3,.208,.218,88.2,35.8,13.2,42.4,101.152073919,94.809587415,22.6,46.2
Burdick, Peyton,680814,2022,102,8,34.3,.207,.205,90,35.1,10.5,38.6,100.275255357,94.431755179,33.6,52.6
Miller, Owen,680911,2022,472,32,19.7,.243,.246,85.8,35,3.5,31.2,97.306117941,92.667096401,18.5,48
Donovan, Brendan,680977,2022,468,60,15,.281,.266,87.7,32.7,3.4,37.7,98.14258882,93.299366978,15.6,38.1
Stott, Bryson,681082,2022,466,36,19.1,.234,.237,88.1,29.4,4.4,36.8,97.97018994,93.096499761,17.2,45
Bride, Jonah,681146,2022,187,19,17.1,.204,.217,86.9,31.8,1.5,31.1,96.774698182,92.509176031,17.1,35.9
Carpenter, Kerry,681481,2022,113,6,28.3,.252,.211,87.2,37.5,11.1,36.1,97.789840556,92.926224583,27.8,52.5
Villar, David,681584,2022,181,18,32,.231,.187,86.8,33.3,9.1,36.4,97.5144976,92.850052323,37.2,44.2
Eaton, Nate,681987,2022,122,10,24.6,.264,.233,85.8,43.8,5,27.5,96.58405675,92.346357848,23.8,49.1
Abrams, CJ,682928,2022,302,5,16.6,.246,.241,86.5,28.6,2.1,30.7,97.184953739,92.612726201,22.3,57
Greene, Riley,682985,2022,418,36,28.7,.253,.246,89.5,32,9.3,45.2,102.14516814,95.266459961,25.6,45.3
Carroll, Corbin,682998,2022,115,8,27,.260,.221,85.8,34.2,5.5,32.9,97.229943784,92.678458904,28.8,44.8
Henderson, Gunnar,683002,2022,132,16,25.8,.259,.250,92.4,25.6,9.8,53.7,103.04003561,96.431520488,26.6,41.2
Stefanic, Michael,683021,2022,69,5,17.4,.197,.217,84.8,28,2,22,93.49606,90.955379592,19.2,41.4
Vaughn, Andrew,683734,2022,555,31,17.3,.271,.255,90.8,34.1,7.9,48.6,101.162950291,95.12858284,21,47
Pasquantino, Vinnie,686469,2022,298,35,11.4,.295,.289,91.2,34.1,8.8,46.9,101.197336607,95.08140192,15.3,46
Massey, Michael,686681,2022,194,9,23.7,.243,.243,89.3,35.1,13,38.2,99.036690645,93.797110403,27.8,54.5
Grissom, Vaughn,687093,2022,156,11,21.8,.291,.259,84.6,35.2,7.4,34.3,97.006606667,92.504939352,25.6,51.9
